packet_id,timestamp,altitude_m,lat,lon,temp_c,battery_v,status_code
1,1790310600,0.14,12.9716,77.5946,27.72,4.198,0
2,1790310601,-0.28,12.97162,77.59463,28.14,4.202,0
3,1790310602,0.39,12.97164,77.59466,27.74,4.199,0
4,1790310603,-0.47,12.97166,77.59469,27.82,4.2,0
5,1790310604,-0.47,12.97168,77.59472,27.81,4.2,0
6,1790310605,0.04,12.9717,77.59475,27.81,4.2,0
7,1790310606,0.31,12.97172,77.59478,27.68,4.202,0
8,1790310607,0.2,12.97174,77.59481,27.87,4.196,0
9,1790310608,0.46,12.97176,77.59484,27.87,4.195,0
10,1790310609,-0.4,12.97178,77.59487,28.18,4.2,0
11,1790310610,0.31,12.9718,77.5949,28.1,4.198,0
12,1790310611,0.47,12.97182,77.59493,27.89,4.199,0
13,1790310612,0.33,12.97184,77.59496,28.03,4.202,0
14,1790310613,0.08,12.97186,77.59499,28.07,4.193,0
15,1790310614,-0.27,12.97188,77.59502,27.82,4.194,0
16,1790310615,-0.27,12.9719,77.59505,27.71,4.195,0
17,1790310616,0.14,12.97192,77.59508,27.86,4.196,0
18,1790310617,-0.29,12.97194,77.59511,27.8,4.201,0
19,1790310618,0.15,12.97196,77.59514,28.0,4.194,0
20,1790310619,0.23,12.97198,77.59517,27.73,4.196,0
21,1790310620,0.49,12.972,77.5952,28.01,4.198,0
22,1790310621,0.18,12.97202,77.59523,28.13,4.2,0
23,1790310622,-0.27,12.97204,77.59526,27.64,4.194,0
24,1790310623,-0.23,12.97206,77.59529,27.75,4.2,0
25,1790310624,0.38,12.97208,77.59532,27.8,4.198,0
26,1790310625,-0.1,12.9721,77.59535,28.16,4.196,0
27,1790310626,-0.24,12.97212,77.59538,27.76,4.197,0
28,1790310627,-0.24,12.97214,77.59541,27.95,4.2,0
29,1790310628,-0.1,12.97216,77.59544,27.73,4.2,0
30,1790310629,0.01,12.97218,77.59547,27.65,4.19,0
31,1790310630,-0.39,12.9722,77.5955,27.97,4.198,0
32,1790310631,-0.08,12.97222,77.59553,27.63,4.194,0
33,1790310632,0.5,12.97224,77.59556,27.9,4.2,0
34,1790310633,0.36,12.97226,77.59559,27.59,4.197,0
35,1790310634,0.18,12.97228,77.59562,27.9,4.192,0
36,1790310635,0.14,12.9723,77.59565,27.64,4.193,0
37,1790310636,-0.05,12.97232,77.59568,28.14,4.198,0
38,1790310637,-0.24,12.97234,77.59571,27.87,4.191,0
39,1790310638,0.41,12.97236,77.59574,28.08,4.192,0
40,1790310639,0.14,12.97238,77.59577,27.93,4.191,0
41,1790310640,0.26,12.9724,77.5958,27.88,4.196,0
42,1790310641,0.03,12.97242,77.59583,27.55,4.191,0
43,1790310642,-0.48,12.97244,77.59586,28.11,4.197,0
44,1790310643,0.33,12.97246,77.59589,27.72,4.189,0
45,1790310644,0.38,12.97248,77.59592,28.11,4.189,0
46,1790310645,-0.01,12.9725,77.59595,27.58,4.195,0
47,1790310646,0.27,12.97252,77.59598,27.61,4.192,0
48,1790310647,0.05,12.97254,77.59601,27.69,4.196,0
49,1790310648,-0.08,12.97256,77.59604,27.66,4.192,0
50,1790310649,0.23,12.97258,77.59607,27.64,4.19,0
51,1790310650,0.5,12.9726,77.5961,27.91,4.191,0
52,1790310651,0.02,12.97262,77.59613,27.59,4.189,0
53,1790310652,-0.16,12.97264,77.59616,27.86,4.188,0
54,1790310653,-0.28,12.97266,77.59619,27.55,4.192,0
55,1790310654,-0.27,12.97268,77.59622,28.04,4.195,0
56,1790310655,-0.43,12.9727,77.59625,27.64,4.193,0
57,1790310656,-0.29,12.97272,77.59628,27.58,4.195,0
58,1790310657,0.07,12.97274,77.59631,27.77,4.194,0
59,1790310658,0.31,12.97276,77.59634,27.6,4.186,0
60,1790310659,-0.07,12.97278,77.59637,27.74,4.19,0
61,1790310660,0.23,12.9728,77.5964,27.88,4.195,0
62,1790310661,-0.4,12.97282,77.59643,27.72,4.188,0
63,1790310662,0.36,12.97284,77.59646,27.63,4.187,0
64,1790310663,-0.05,12.97286,77.59649,27.72,4.187,0
65,1790310664,-0.25,12.97288,77.59652,28.02,4.188,0
66,1790310665,0.36,12.9729,77.59655,27.8,4.185,0
67,1790310666,0.5,12.97292,77.59658,27.96,4.194,0
68,1790310667,0.43,12.97294,77.59661,27.97,4.186,0
69,1790310668,-0.01,12.97296,77.59664,27.58,4.188,0
70,1790310669,-0.44,12.97298,77.59667,27.68,4.194,0
71,1790310670,-0.23,12.973,77.5967,27.92,4.188,0
72,1790310671,-0.08,12.97302,77.59673,28.01,4.193,0
73,1790310672,0.06,12.97304,77.59676,27.87,4.185,0
74,1790310673,-0.2,12.97306,77.59679,28.02,4.189,0
75,1790310674,0.04,12.97308,77.59682,27.88,4.184,0
76,1790310675,0.08,12.9731,77.59685,27.73,4.192,0
77,1790310676,-0.34,12.97312,77.59688,28.01,4.183,0
78,1790310677,-0.31,12.97314,77.59691,27.78,4.189,0
79,1790310678,-0.26,12.97316,77.59694,27.49,4.191,0
80,1790310679,-0.25,12.97318,77.59697,27.77,4.188,0
81,1790310680,-0.08,12.9732,77.597,27.76,4.187,0
82,1790310681,0.43,12.97322,77.59703,27.53,4.189,0
83,1790310682,-0.26,12.97324,77.59706,27.64,4.188,0
84,1790310683,-0.2,12.97326,77.59709,27.59,4.189,0
85,1790310684,-0.43,12.97328,77.59712,27.67,4.191,0
86,1790310685,0.5,12.9733,77.59715,27.43,4.183,0
87,1790310686,-0.23,12.97332,77.59718,27.95,4.19,0
88,1790310687,0.38,12.97334,77.59721,27.61,4.183,0
89,1790310688,0.33,12.97336,77.59724,27.8,4.186,0
90,1790310689,0.49,12.97338,77.59727,27.77,4.18,0
91,1790310690,0.32,12.9734,77.5973,27.56,4.187,0
92,1790310691,0.44,12.97342,77.59733,27.45,4.181,0
93,1790310692,-0.39,12.97344,77.59736,27.7,4.183,0
94,1790310693,0.1,12.97346,77.59739,27.79,4.181,0
95,1790310694,0.13,12.97348,77.59742,27.52,4.184,0
96,1790310695,0.41,12.9735,77.59745,27.87,4.18,0
97,1790310696,-0.08,12.97352,77.59748,27.52,4.179,0
98,1790310697,0.27,12.97354,77.59751,27.73,4.182,0
99,1790310698,0.24,12.97356,77.59754,27.68,4.183,0
100,1790310699,-0.49,12.97358,77.59757,27.39,4.188,0
101,1790310700,0.4,12.9736,77.5976,27.67,4.186,0
102,1790310701,0.08,12.97362,77.59763,27.43,4.179,0
103,1790310702,-0.19,12.97364,77.59766,27.87,4.186,0
104,1790310703,0.36,12.97366,77.59769,27.87,4.18,0
105,1790310704,-0.25,12.97368,77.59772,27.38,4.186,0
106,1790310705,0.38,12.9737,77.59775,27.56,4.184,0
107,1790310706,-0.35,12.97372,77.59778,27.88,4.186,0
108,1790310707,0.48,12.97374,77.59781,27.8,4.186,0
109,1790310708,-0.48,12.97376,77.59784,27.75,4.18,0
110,1790310709,0.43,12.97378,77.59787,27.79,4.186,0
111,1790310710,0.31,12.9738,77.5979,27.46,4.185,0
112,1790310711,-0.39,12.97382,77.59793,27.82,4.185,0
113,1790310712,-0.28,12.97384,77.59796,27.79,4.181,0
114,1790310713,-0.19,12.97386,77.59799,27.77,4.178,0
115,1790310714,-0.48,12.97388,77.59802,27.41,4.179,0
116,1790310715,0.36,12.9739,77.59805,27.86,4.179,0
117,1790310716,0.14,12.97392,77.59808,27.52,4.186,0
118,1790310717,0.04,12.97394,77.59811,27.84,4.177,0
119,1790310718,0.47,12.97396,77.59814,27.38,4.185,0
120,1790310719,-0.23,12.97398,77.59817,27.34,4.179,0
121,1790310720,0.23,12.974,77.5982,27.46,4.181,0
122,1790310721,0.01,12.97402,77.59823,27.49,4.181,0
123,1790310722,-0.25,12.97404,77.59826,27.69,4.175,0
124,1790310723,0.43,12.97406,77.59829,27.58,4.181,0
125,1790310724,0.24,12.97408,77.59832,27.65,4.178,0
126,1790310725,-0.43,12.9741,77.59835,27.65,4.177,0
127,1790310726,-0.19,12.97412,77.59838,27.76,4.181,0
128,1790310727,-0.2,12.97414,77.59841,27.43,4.178,0
129,1790310728,-0.1,12.97416,77.59844,27.42,4.175,0
130,1790310729,-0.08,12.97418,77.59847,27.79,4.181,0
131,1790310730,0.4,12.9742,77.5985,27.6,4.176,0
132,1790310731,0.05,12.97422,77.59853,27.23,4.176,0
133,1790310732,-0.07,12.97424,77.59856,27.57,4.18,0
134,1790310733,-0.04,12.97426,77.59859,27.49,4.175,0
135,1790310734,-0.03,12.97428,77.59862,27.76,4.181,0
136,1790310735,-0.33,12.9743,77.59865,27.26,4.178,0
137,1790310736,0.13,12.97432,77.59868,27.41,4.18,0
138,1790310737,0.25,12.97434,77.59871,27.61,4.174,0
139,1790310738,-0.3,12.97436,77.59874,27.21,4.174,0
140,1790310739,-0.02,12.97438,77.59877,27.71,4.173,0
141,1790310740,-0.09,12.9744,77.5988,27.57,4.174,0
142,1790310741,0.2,12.97442,77.59883,27.49,4.173,0
143,1790310742,0.16,12.97444,77.59886,27.19,4.179,0
144,1790310743,0.27,12.97446,77.59889,27.24,4.175,0
145,1790310744,-0.32,12.97448,77.59892,27.75,4.176,0
146,1790310745,-0.45,12.9745,77.59895,27.33,4.179,0
147,1790310746,-0.04,12.97452,77.59898,27.65,4.178,0
148,1790310747,0.49,12.97454,77.59901,27.53,4.181,0
149,1790310748,0.39,12.97456,77.59904,27.54,4.177,0
150,1790310749,0.0,12.97458,77.59907,27.66,4.175,0
151,1790310750,0.4,12.9746,77.5991,27.61,4.175,0
152,1790310751,-0.24,12.97462,77.59913,27.3,4.176,0
153,1790310752,0.27,12.97464,77.59916,27.46,4.176,0
154,1790310753,-0.23,12.97466,77.59919,27.2,4.173,0
155,1790310754,-0.23,12.97468,77.59922,27.33,4.174,0
156,1790310755,-0.36,12.9747,77.59925,27.28,4.176,0
157,1790310756,0.21,12.97472,77.59928,27.18,4.173,0
158,1790310757,0.04,12.97474,77.59931,27.38,4.171,0
159,1790310758,-0.08,12.97476,77.59934,27.67,4.175,0
160,1790310758,-0.08,12.97476,77.59934,27.77,4.174,0
161,1790310759,0.2,12.97478,77.59937,27.64,4.176,0
162,1790310760,-0.12,12.9748,77.5994,27.12,4.172,0
163,1790310761,0.25,12.97482,77.59943,27.63,4.178,0
164,1790310762,-0.08,12.97484,77.59946,27.56,4.173,0
165,1790310763,0.1,12.97486,77.59949,27.24,4.17,0
166,1790310764,-0.06,12.97488,77.59952,27.13,4.171,0
167,1790310765,0.18,12.9749,77.59955,27.34,4.17,0
168,1790310766,-0.03,12.97492,77.59958,27.18,4.173,0
169,1790310767,-0.47,12.97494,77.59961,27.34,4.173,0
170,1790310768,-0.47,12.97496,77.59964,27.48,4.168,0
171,1790310768,-0.47,12.97496,77.59964,27.58,4.167,0
172,1790310769,-0.04,12.97498,77.59967,27.12,4.171,0
173,1790310770,-0.29,12.975,77.5997,27.29,4.175,0
174,1790310771,-0.12,12.97502,77.59973,27.53,4.174,0
175,1790310772,-0.25,12.97504,77.59976,27.13,4.166,0
176,1790310773,0.04,12.97506,77.59979,27.68,4.169,0
177,1790310774,0.15,12.97508,77.59982,27.54,4.173,0
178,1790310775,0.25,12.9751,77.59985,27.64,4.168,0
179,1790310776,-0.48,12.97512,77.59988,27.15,4.167,0
180,1790310777,0.17,12.97514,77.59991,27.4,4.168,0
181,1790310778,0.2,12.97516,77.59994,27.52,4.167,0
182,1790310779,0.11,12.97518,77.59997,27.5,4.166,0
183,1790310780,0.32,12.9752,77.6,27.63,4.166,0
184,1790310781,-0.47,12.97522,77.60003,27.24,4.172,0
185,1790310782,0.46,12.97524,77.60006,27.28,4.172,0
186,1790310783,-0.42,12.97526,77.60009,27.45,4.171,0
187,1790310784,-0.4,12.97528,77.60012,27.5,4.173,0
188,1790310785,0.1,12.9753,77.60015,27.1,4.174,0
189,1790310786,0.28,12.97532,77.60018,27.24,4.168,0
190,1790310787,-0.13,12.97534,77.60021,27.32,4.167,0
191,1790310788,0.35,12.97536,77.60024,27.51,4.165,0
192,1790310789,0.46,12.97538,77.60027,27.4,4.171,0
193,1790310790,0.21,12.9754,77.6003,27.27,4.17,0
194,1790310791,0.47,12.97542,77.60033,27.17,4.171,0
195,1790310792,0.04,12.97544,77.60036,27.3,4.167,0
196,1790310793,0.23,12.97546,77.60039,27.16,4.172,0
197,1790310794,0.33,12.97548,77.60042,27.05,4.172,0
198,1790310795,-0.26,12.9755,77.60045,27.28,4.169,0
199,1790310796,-0.12,12.97552,77.60048,27.01,4.171,0
200,1790310797,-0.32,12.97554,77.60051,27.12,4.17,0
201,1790310798,-0.16,12.97556,77.60054,27.52,4.169,0
202,1790310799,-0.22,12.97558,77.60057,26.99,4.171,0
203,1790310800,-0.41,12.9756,77.6006,27.41,4.167,0
204,1790310801,0.26,12.97562,77.60063,27.38,4.168,0
205,1790310802,-0.01,12.97564,77.60066,27.45,4.162,0
206,1790310803,-0.28,12.97566,77.60069,27.39,4.164,0
207,1790310804,0.08,12.97568,77.60072,27.24,4.166,0
208,1790310805,-0.07,12.9757,77.60075,27.41,4.164,0
209,1790310806,0.2,12.97572,77.60078,27.12,4.164,0
210,1790310807,-0.38,12.97574,77.60081,27.07,4.161,0
211,1790310808,0.04,12.97576,77.60084,27.41,4.162,0
212,1790310809,-0.28,12.97578,77.60087,27.24,4.167,0
213,1790310810,0.48,12.9758,77.6009,27.25,4.163,0
214,1790310811,-0.4,12.97582,77.60093,27.06,4.162,0
215,1790310812,-0.32,12.97584,77.60096,26.94,4.165,0
216,1790310813,-0.23,12.97586,77.60099,27.51,4.166,0
217,1790310814,0.2,12.97588,77.60102,27.01,4.168,0
218,1790310815,-0.01,12.9759,77.60105,27.44,4.165,0
219,1790310816,-0.03,12.97592,77.60108,27.18,4.161,0
220,1790310817,-0.45,12.97594,77.60111,27.48,4.164,0
221,1790310818,0.32,12.97596,77.60114,27.15,4.16,0
222,1790310819,0.13,12.97598,77.60117,26.94,4.159,0
223,1790310820,0.06,12.976,77.6012,27.09,4.168,0
224,1790310821,-0.38,12.97602,77.60123,27.36,4.164,0
225,1790310822,0.29,12.97604,77.60126,27.04,4.163,0
226,1790310823,-0.05,12.97606,77.60129,27.16,4.167,0
227,1790310824,0.49,12.97608,77.60132,27.07,4.164,0
228,1790310825,0.11,12.9761,77.60135,27.33,4.167,0
229,1790310826,-0.29,12.97612,77.60138,27.01,4.164,0
230,1790310827,-0.34,12.97614,77.60141,26.98,4.158,0
231,1790310828,-0.5,12.97616,77.60144,27.15,4.163,0
232,1790310829,-0.21,12.97618,77.60147,27.01,4.164,0
233,1790310830,0.2,12.9762,77.6015,27.14,4.164,0
234,1790310831,0.42,12.97622,77.60153,27.34,4.163,0
235,1790310832,0.16,12.97624,77.60156,27.42,4.16,0
236,1790310833,0.04,12.97626,77.60159,27.25,4.165,0
237,1790310834,0.33,12.97628,77.60162,26.9,4.158,0
238,1790310835,-0.19,12.9763,77.60165,27.3,4.162,0
239,1790310836,-0.21,12.97632,77.60168,26.92,4.163,0
240,1790310837,0.2,12.97634,77.60171,27.41,4.16,0
241,1790310838,-0.01,12.97636,77.60174,26.89,4.155,0
242,1790310839,-0.07,12.97638,77.60177,27.03,4.158,0
243,1790310840,-0.41,12.9764,77.6018,27.41,4.163,0
244,1790310841,0.08,12.97642,77.60183,27.4,4.165,0
245,1790310842,0.17,12.97644,77.60186,26.99,4.155,0
246,1790310843,0.26,12.97646,77.60189,27.1,4.162,0
247,1790310844,0.42,12.97648,77.60192,26.93,4.16,0
248,1790310845,0.13,12.9765,77.60195,27.12,4.155,0
249,1790310846,-0.15,12.97652,77.60198,27.01,4.161,0
250,1790310847,0.36,12.97654,77.60201,27.01,4.161,0
251,1790310848,-0.21,12.97656,77.60204,27.37,4.162,0
252,1790310849,0.05,12.97658,77.60207,27.07,4.157,0
253,1790310850,-0.18,12.9766,77.6021,27.38,4.157,0
254,1790310851,0.01,12.97662,77.60213,27.38,4.16,0
255,1790310852,0.04,12.97664,77.60216,27.04,4.155,0
256,1790310853,-0.14,12.97666,77.60219,27.24,4.159,0
257,1790310854,0.26,12.97668,77.60222,26.9,4.158,0
258,1790310855,0.43,12.9767,77.60225,27.04,4.159,0
259,1790310856,-0.38,12.97672,77.60228,27.36,4.158,0
260,1790310857,-0.26,12.97674,77.60231,26.87,4.158,0
261,1790310858,0.05,12.97676,77.60234,26.83,4.162,0
262,1790310859,0.41,12.97678,77.60237,27.04,4.153,0
263,1790310860,0.33,12.9768,77.6024,27.06,4.159,0
264,1790310861,0.01,12.97682,77.60243,26.92,4.16,0
265,1790310862,0.48,12.97684,77.60246,26.9,4.157,0
266,1790310863,-0.12,12.97686,77.60249,27.3,4.156,0
267,1790310864,0.38,12.97688,77.60252,27.27,4.154,0
268,1790310865,0.29,12.9769,77.60255,26.99,4.16,0
269,1790310866,0.01,12.97692,77.60258,27.23,4.154,0
270,1790310867,-0.2,12.97694,77.60261,27.09,4.16,0
271,1790310868,-0.01,12.97696,77.60264,26.82,4.155,0
272,1790310869,-0.15,12.97698,77.60267,27.06,4.155,0
273,1790310870,-0.04,12.977,77.6027,26.91,4.152,0
274,1790310871,0.2,12.97702,77.60273,27.06,4.152,0
275,1790310872,0.28,12.97704,77.60276,26.75,4.157,0
276,1790310873,0.21,12.97706,77.60279,27.2,4.154,0
277,1790310874,0.16,12.97708,77.60282,27.2,4.159,0
278,1790310875,-0.0,12.9771,77.60285,26.73,4.154,0
279,1790310876,0.09,12.97712,77.60288,27.22,4.158,0
280,1790310877,-0.06,12.97714,77.60291,27.02,4.154,0
281,1790310878,0.22,12.97716,77.60294,26.95,4.156,0
282,1790310879,-0.35,12.97718,77.60297,26.97,4.159,0
283,1790310880,-0.16,12.9772,77.603,27.11,4.154,0
284,1790310881,0.35,12.97722,77.60303,27.2,4.157,0
285,1790310882,-0.12,12.97724,77.60306,26.87,4.155,0
286,1790310883,0.26,12.97726,77.60309,27.2,4.148,0
287,1790310884,-0.43,12.97728,77.60312,27.05,4.157,0
288,1790310885,0.5,12.9773,77.60315,27.12,4.151,0
289,1790310886,-0.4,12.97732,77.60318,27.05,4.156,0
290,1790310887,-0.06,12.97734,77.60321,27.08,4.156,0
291,1790310888,-0.45,12.97736,77.60324,27.14,4.15,0
292,1790310889,-0.13,12.97738,77.60327,26.75,4.152,0
293,1790310890,0.07,12.9774,77.6033,27.13,4.149,0
294,1790310891,-0.42,12.97742,77.60333,27.17,4.153,0
295,1790310892,-0.26,12.97744,77.60336,27.2,4.147,0
296,1790310893,-0.04,12.97746,77.60339,26.79,4.149,0
297,1790310894,-0.49,12.97748,77.60342,27.12,4.155,0
298,1790310895,0.18,12.9775,77.60345,26.72,4.15,0
299,1790310896,-0.15,12.97752,77.60348,26.98,4.152,0
300,1790310897,-0.08,12.97754,77.60351,26.78,4.154,0
301,1790310898,-0.3,12.97756,77.60354,26.85,4.15,0
302,1790310899,-0.26,12.97758,77.60357,26.96,4.151,0
303,1790310900,0.49,12.9776,77.6036,26.8,4.155,0
304,1790310901,0.18,12.97762,77.60363,26.77,4.151,0
305,1790310902,0.26,12.97764,77.60366,27.06,4.145,0
306,1790310903,0.23,12.97766,77.60369,26.91,4.153,0
307,1790310904,-0.02,12.97768,77.60372,27.08,4.15,0
308,1790310905,0.12,12.9777,77.60375,26.98,4.15,0
309,1790310906,0.53,12.97772,77.60378,27.02,4.151,0
310,1790310907,0.79,12.97774,77.60381,26.97,4.153,0
311,1790310908,0.69,12.97776,77.60384,26.78,4.148,0
312,1790310909,0.73,12.97778,77.60387,27.02,4.145,0
313,1790310910,0.56,12.9778,77.6039,27.03,4.145,0
314,1790310911,0.51,12.97782,77.60393,26.9,4.153,0
315,1790310912,1.03,12.97784,77.60396,27.12,4.151,0
316,1790310913,0.89,12.97786,77.60399,27.06,4.148,0
317,1790310914,1.57,12.97788,77.60402,27.02,4.146,0
318,1790310915,1.02,12.9779,77.60405,27.14,4.143,0
319,1790310916,2.01,12.97792,77.60408,27.08,4.149,0
320,1790310917,2.17,12.97794,77.60411,27.14,4.15,0
321,1790310918,1.71,12.97796,77.60414,27.02,4.142,0
322,1790310919,2.03,12.97798,77.60417,26.82,4.149,0
323,1790310920,2.32,12.978,77.6042,26.89,4.15,0
324,1790310921,2.76,12.97802,77.60423,26.61,4.144,0
325,1790310922,2.01,12.97804,77.60426,27.07,4.147,0
326,1790310923,3.07,12.97806,77.60429,26.66,4.142,0
327,1790310924,3.15,12.97808,77.60432,27.08,4.144,0
328,1790310925,2.92,12.9781,77.60435,26.61,4.15,0
329,1790310926,2.99,12.97812,77.60438,26.82,4.142,0
330,1790310927,3.77,12.97814,77.60441,26.6,4.146,0
331,1790310928,3.73,12.97816,77.60444,26.97,4.149,0
332,1790310929,3.68,12.97818,77.60447,26.96,4.142,0
333,1790310929,3.68,12.97818,77.60447,27.06,4.141,0
334,1790310930,3.86,12.9782,77.6045,26.57,4.145,0
335,1790310931,4.06,12.97822,77.60453,27.07,4.14,0
336,1790310932,4.22,12.97824,77.60456,26.77,4.15,0
337,1790310933,4.92,12.97826,77.60459,26.56,4.146,0
338,1790310934,4.81,12.97828,77.60462,27.08,4.143,0
339,1790310935,4.88,12.9783,77.60465,26.6,4.14,0
340,1790310936,5.55,12.97832,77.60468,26.76,4.146,0
341,1790310937,5.55,12.97834,77.60471,26.84,4.139,0
342,1790310938,5.93,12.97836,77.60474,26.63,4.14,0
343,1790310939,5.92,12.97838,77.60477,26.52,4.147,0
344,1790310940,5.8,12.9784,77.6048,26.6,4.147,0
345,1790310941,6.15,12.97842,77.60483,26.56,4.147,0
346,1790310942,6.05,12.97844,77.60486,26.99,4.139,0
347,1790310943,6.41,12.97846,77.60489,26.61,4.14,0
348,1790310944,7.18,12.97848,77.60492,26.48,4.138,0
349,1790310945,7.55,12.9785,77.60495,26.59,4.141,0
350,1790310946,7.18,12.97852,77.60498,26.48,4.144,0
351,1790310947,7.78,12.97854,77.60501,26.9,4.142,0
352,1790310948,8.28,12.97856,77.60504,26.75,4.138,0
353,1790310949,8.25,12.97858,77.60507,27.01,4.137,0
354,1790310950,8.79,12.9786,77.6051,26.96,4.142,0
355,1790310951,8.72,12.97862,77.60513,27.01,4.138,0
356,1790310952,9.0,12.97864,77.60516,26.67,4.143,0
357,1790310953,9.27,12.97866,77.60519,26.98,4.137,0
358,1790310954,9.13,12.97868,77.60522,26.78,4.137,0
359,1790310955,9.59,12.9787,77.60525,26.8,4.141,0
360,1790310955,9.59,12.9787,77.60525,26.9,4.14,0
361,1790310956,9.91,12.97872,77.60528,27.01,4.141,0
362,1790310957,10.3,12.97874,77.60531,26.77,4.137,0
363,1790310958,10.83,12.97876,77.60534,26.92,4.142,0
364,1790310959,11.17,12.97878,77.60537,26.83,4.137,0
365,1790310960,11.13,12.9788,77.6054,26.54,4.138,0
366,1790310961,11.41,12.97882,77.60543,26.65,4.136,0
367,1790310962,11.67,12.97884,77.60546,26.79,4.139,0
368,1790310963,11.68,12.97886,77.60549,26.94,4.135,0
369,1790310964,12.65,12.97888,77.60552,26.45,4.135,0
370,1790310965,12.85,12.9789,77.60555,26.87,4.14,0
371,1790310966,12.99,12.97892,77.60558,26.72,4.137,0
372,1790310967,12.81,12.97894,77.60561,26.58,4.141,0
373,1790310968,13.74,12.97896,77.60564,26.89,4.141,0
374,1790310969,14.26,12.97898,77.60567,26.73,4.138,0
375,1790310970,14.17,12.979,77.6057,26.49,4.14,0
376,1790310971,14.11,12.97902,77.60573,26.42,4.141,0
377,1790310972,14.57,12.97904,77.60576,26.82,4.139,0
378,1790310973,15.31,12.97906,77.60579,26.86,4.143,0
379,1790310974,15.63,12.97908,77.60582,26.72,4.139,0
380,1790310975,15.15,12.9791,77.60585,26.91,4.141,0
381,1790310976,15.71,12.97912,77.60588,26.45,4.139,0
382,1790310977,16.06,12.97914,77.60591,26.54,4.132,0
383,1790310978,16.94,12.97916,77.60594,26.68,4.136,0
384,1790310979,16.53,12.97918,77.60597,26.71,4.132,0
385,1790310980,17.46,12.9792,77.606,26.46,4.136,0
386,1790310981,17.38,12.97922,77.60603,26.54,4.138,0
387,1790310982,18.14,12.97924,77.60606,26.66,4.132,0
388,1790310983,17.74,12.97926,77.60609,26.41,4.137,0
389,1790310984,18.69,12.97928,77.60612,26.47,4.138,0
390,1790310985,18.84,12.9793,77.60615,26.58,4.134,0
391,1790310986,19.44,12.97932,77.60618,26.38,4.135,0
392,1790310987,19.3,12.97934,77.60621,26.71,4.136,0
393,1790310988,20.03,12.97936,77.60624,26.33,4.134,0
394,1790310989,20.3,12.97938,77.60627,26.3,4.133,0
395,1790310990,20.25,12.9794,77.6063,26.37,4.133,0
396,1790310991,20.71,12.97942,77.60633,26.29,4.137,0
397,1790310992,20.91,12.97944,77.60636,26.51,4.137,0
398,1790310993,21.58,12.97946,77.60639,26.78,4.138,0
399,1790310994,21.49,12.97948,77.60642,26.8,4.129,0
400,1790310995,21.79,12.9795,77.60645,26.82,4.138,0
401,1790310996,22.71,12.97952,77.60648,26.61,4.136,0
402,1790310997,22.9,12.97954,77.60651,26.34,4.129,0
403,1790310998,23.16,12.97956,77.60654,26.74,4.135,0
404,1790310999,24.03,12.97958,77.60657,26.81,4.13,0
405,1790311000,24.4,12.9796,77.6066,26.41,4.134,0
406,1790311001,24.44,12.97962,77.60663,26.49,4.131,0
407,1790311002,24.62,12.97964,77.60666,26.45,4.13,0
408,1790311003,25.16,12.97966,77.60669,26.31,4.133,0
409,1790311004,25.92,12.97968,77.60672,26.45,4.135,0
410,1790311005,26.2,12.9797,77.60675,26.73,4.13,0
411,1790311006,25.9,12.97972,77.60678,26.35,4.133,0
412,1790311007,26.89,12.97974,77.60681,26.62,4.129,0
413,1790311008,27.27,12.97976,77.60684,26.53,4.135,0
414,1790311009,27.64,12.97978,77.60687,26.49,4.136,0
415,1790311010,27.81,12.9798,77.6069,26.6,4.133,0
416,1790311011,28.49,12.97982,77.60693,26.6,4.128,0
417,1790311012,28.08,12.97984,77.60696,26.48,4.129,0
418,1790311013,28.67,12.97986,77.60699,26.24,4.131,0
419,1790311014,29.09,12.97988,77.60702,26.47,4.127,0
420,1790311015,30.0,12.9799,77.60705,26.25,4.135,0
421,1790311016,30.41,12.97992,77.60708,26.57,4.131,0
422,1790311017,30.4,12.97994,77.60711,26.52,4.134,0
423,1790311018,31.24,12.97996,77.60714,26.46,4.133,0
424,1790311019,31.38,12.97998,77.60717,26.38,4.13,0
425,1790311020,31.27,12.98,77.6072,26.22,4.126,0
426,1790311021,32.42,12.98002,77.60723,26.39,4.132,0
427,1790311022,32.42,12.98004,77.60726,26.28,4.127,0
428,1790311023,32.76,12.98006,77.60729,26.43,4.13,0
429,1790311024,32.88,12.98008,77.60732,26.39,4.127,0
430,1790311025,33.53,12.9801,77.60735,26.37,4.13,0
431,1790311026,34.31,12.98012,77.60738,26.55,4.125,0
432,1790311027,34.02,12.98014,77.60741,26.57,4.127,0
433,1790311028,35.06,12.98016,77.60744,26.54,4.133,0
434,1790311029,35.62,12.98018,77.60747,26.35,4.129,0
435,1790311030,35.3,12.9802,77.6075,26.36,4.133,0
436,1790311031,36.27,12.98022,77.60753,26.38,4.129,0
437,1790311032,36.92,12.98024,77.60756,26.33,4.127,0
438,1790311033,37.19,12.98026,77.60759,26.63,4.13,0
439,1790311034,37.65,12.98028,77.60762,26.57,4.13,0
440,1790311035,37.76,12.9803,77.60765,26.52,4.127,0
441,1790311036,38.01,12.98032,77.60768,26.35,4.124,0
442,1790311037,38.29,12.98034,77.60771,26.69,4.127,0
443,1790311038,38.73,12.98036,77.60774,26.2,4.123,0
444,1790311039,39.76,12.98038,77.60777,26.17,4.13,0
445,1790311039,39.76,12.98038,77.60777,26.27,4.129,0
446,1790311040,40.19,12.9804,77.6078,26.64,4.122,0
447,1790311041,40.12,12.98042,77.60783,26.57,4.123,0
448,1790311042,40.59,12.98044,77.60786,26.2,4.129,0
449,1790311043,41.41,12.98046,77.60789,26.59,4.123,0
450,1790311044,41.51,12.98048,77.60792,26.35,4.128,0
451,1790311045,41.74,12.9805,77.60795,26.36,4.124,0
452,1790311046,42.69,12.98052,77.60798,26.36,4.126,0
453,1790311047,42.69,12.98054,77.60801,26.58,4.126,0
454,1790311048,43.65,12.98056,77.60804,26.3,4.129,0
455,1790311049,44.23,12.98058,77.60807,26.36,4.123,0
456,1790311050,44.07,12.9806,77.6081,26.4,4.13,0
457,1790311051,44.96,12.98062,77.60813,26.55,4.121,0
458,1790311052,44.83,12.98064,77.60816,26.45,4.129,0
459,1790311053,45.58,12.98066,77.60819,26.12,4.128,0
460,1790311054,46.32,12.98068,77.60822,26.23,4.127,0
461,1790311055,46.19,12.9807,77.60825,26.6,4.12,0
462,1790311056,46.81,12.98072,77.60828,26.62,4.121,0
463,1790311057,47.27,12.98074,77.60831,26.26,4.119,0
464,1790311058,47.33,12.98076,77.60834,26.35,4.121,0
465,1790311059,48.72,12.98078,77.60837,26.26,4.118,0
466,1790311060,49.12,12.9808,77.6084,26.54,4.124,0
467,1790311061,49.43,12.98082,77.60843,26.12,4.121,0
468,1790311062,49.93,12.98084,77.60846,26.45,4.119,0
469,1790311063,50.27,12.98086,77.60849,26.3,4.118,0
470,1790311064,50.1,12.98088,77.60852,26.17,4.126,0
471,1790311065,51.04,12.9809,77.60855,26.46,4.123,0
472,1790311066,51.06,12.98092,77.60858,26.19,4.12,0
473,1790311067,51.47,12.98094,77.60861,26.26,4.125,0
474,1790311068,52.34,12.98096,77.60864,26.08,4.126,0
475,1790311069,52.95,12.98098,77.60867,26.02,4.122,0
476,1790311070,53.06,12.981,77.6087,26.09,4.121,0
477,1790311071,53.9,12.98102,77.60873,26.14,4.121,0
478,1790311072,54.43,12.98104,77.60876,26.05,4.126,0
479,1790311073,54.31,12.98106,77.60879,26.31,4.121,0
480,1790311074,55.7,12.98108,77.60882,26.32,4.12,0
481,1790311075,55.66,12.9811,77.60885,26.36,4.126,0
482,1790311076,55.92,12.98112,77.60888,25.99,4.124,0
483,1790311077,56.49,12.98114,77.60891,26.42,4.121,0
484,1790311078,57.4,12.98116,77.60894,26.41,4.118,0
485,1790311079,57.15,12.98118,77.60897,26.3,4.123,0
486,1790311080,57.77,12.9812,77.609,26.44,4.12,0
487,1790311081,58.78,12.98122,77.60903,26.34,4.123,0
488,1790311082,58.63,12.98124,77.60906,26.43,4.12,0
489,1790311083,59.34,12.98126,77.60909,25.99,4.117,0
490,1790311084,59.58,12.98128,77.60912,26.51,4.119,0
491,1790311085,61.02,12.9813,77.60915,26.28,4.117,0
492,1790311086,61.27,12.98132,77.60918,26.06,4.118,0
493,1790311087,61.8,12.98134,77.60921,26.46,4.117,0
494,1790311088,61.63,12.98136,77.60924,26.16,4.123,0
495,1790311089,62.75,12.98138,77.60927,26.47,4.118,0
496,1790311090,63.47,12.9814,77.6093,26.23,4.118,0
497,1790311091,63.92,12.98142,77.60933,26.24,4.121,0
498,1790311092,64.23,12.98144,77.60936,25.97,4.119,0
499,1790311093,64.82,12.98146,77.60939,26.25,4.116,0
500,1790311094,64.58,12.98148,77.60942,26.32,4.116,0
501,1790311095,65.61,12.9815,77.60945,26.17,4.12,0
502,1790311096,65.86,12.98152,77.60948,25.94,4.121,0
503,1790311097,66.37,12.98154,77.60951,26.51,4.115,0
504,1790311098,67.5,12.98156,77.60954,26.47,4.113,0
505,1790311099,67.67,12.98158,77.60957,26.12,4.12,0
506,1790311099,67.67,12.98158,77.60957,26.22,4.119,0
507,1790311100,68.22,12.9816,77.6096,26.46,4.113,0
508,1790311101,68.66,12.98162,77.60963,26.36,4.112,0
509,1790311102,68.63,12.98164,77.60966,26.36,4.115,0
510,1790311103,69.46,12.98166,77.60969,26.22,4.117,0
511,1790311104,70.27,12.98168,77.60972,26.45,4.115,0
512,1790311105,70.87,12.9817,77.60975,26.22,4.116,0
513,1790311106,71.03,12.98172,77.60978,26.26,4.113,0
514,1790311107,71.25,12.98174,77.60981,26.31,4.115,0
515,1790311108,72.05,12.98176,77.60984,26.21,4.113,0
516,1790311109,72.45,12.98178,77.60987,26.13,4.12,0
517,1790311110,73.0,12.9818,77.6099,26.41,4.115,0
518,1790311111,73.35,12.98182,77.60993,26.36,4.115,0
519,1790311112,74.66,12.98184,77.60996,26.12,4.111,0
520,1790311113,74.96,12.98186,77.60999,26.36,4.113,0
521,1790311114,75.16,12.98188,77.61002,25.88,4.114,0
522,1790311115,76.23,12.9819,77.61005,26.35,4.116,0
523,1790311116,76.8,12.98192,77.61008,26.22,4.117,0
524,1790311117,76.91,12.98194,77.61011,25.9,4.111,0
525,1790311118,77.07,12.98196,77.61014,26.3,4.109,0
526,1790311119,78.01,12.98198,77.61017,26.05,4.117,0
527,1790311120,78.55,12.982,77.6102,26.19,4.109,0
528,1790311121,78.84,12.98202,77.61023,26.42,4.115,0
529,1790311122,79.6,12.98204,77.61026,26.27,4.116,0
530,1790311123,79.68,12.98206,77.61029,26.39,4.114,0
531,1790311124,80.6,12.98208,77.61032,26.22,4.111,0
532,1790311125,81.57,12.9821,77.61035,26.27,4.113,0
533,1790311126,81.41,12.98212,77.61038,26.38,4.111,0
534,1790311127,82.68,12.98214,77.61041,25.83,4.108,0
535,1790311128,82.47,12.98216,77.61044,25.89,4.11,0
536,1790311129,83.57,12.98218,77.61047,26.0,4.116,0
537,1790311130,84.3,12.9822,77.6105,26.3,4.11,0
538,1790311131,84.6,12.98222,77.61053,26.11,4.108,0
539,1790311132,84.81,12.98224,77.61056,26.1,4.111,0
540,1790311133,85.23,12.98226,77.61059,26.34,4.108,0
541,1790311134,86.27,12.98228,77.61062,26.2,4.112,0
542,1790311135,87.0,12.9823,77.61065,26.11,4.114,0
543,1790311136,86.75,12.98232,77.61068,25.79,4.112,0
544,1790311137,87.85,12.98234,77.61071,26.15,4.114,0
545,1790311138,88.25,12.98236,77.61074,26.14,4.11,0
546,1790311139,89.01,12.98238,77.61077,25.92,4.115,0
547,1790311140,89.42,12.9824,77.6108,26.23,4.112,0
548,1790311141,89.8,12.98242,77.61083,25.79,4.106,0
549,1790311142,90.5,12.98244,77.61086,26.03,4.107,0
550,1790311143,91.24,12.98246,77.61089,25.93,4.112,0
551,1790311144,91.92,12.98248,77.61092,26.26,4.114,0
552,1790311145,91.88,12.9825,77.61095,25.95,4.11,0
553,1790311146,92.64,12.98252,77.61098,26.01,4.107,0
554,1790311147,93.13,12.98254,77.61101,25.78,4.107,0
555,1790311148,93.83,12.98256,77.61104,26.09,4.106,0
556,1790311149,94.89,12.98258,77.61107,25.82,4.107,0
557,1790311150,95.17,12.9826,77.6111,25.9,4.111,0
558,1790311151,95.66,12.98262,77.61113,26.02,4.108,0
559,1790311152,96.04,12.98264,77.61116,25.72,4.112,0
560,1790311153,96.82,12.98266,77.61119,26.28,4.105,0
561,1790311154,97.23,12.98268,77.61122,25.73,4.108,0
562,1790311155,98.34,12.9827,77.61125,26.09,4.107,0
563,1790311156,98.57,12.98272,77.61128,26.2,4.106,0
564,1790311157,99.49,12.98274,77.61131,26.13,4.11,0
565,1790311158,99.56,12.98276,77.61134,25.92,4.108,0
566,1790311159,99.96,12.98278,77.61137,26.01,4.103,0
567,1790311160,100.85,12.9828,77.6114,26.14,4.105,0
568,1790311161,101.93,12.98282,77.61143,26.08,4.103,0
569,1790311162,102.5,12.98284,77.61146,25.91,4.109,0
570,1790311163,102.44,12.98286,77.61149,26.23,4.109,0
571,1790311164,102.89,12.98288,77.61152,25.97,4.106,0
572,1790311165,103.33,12.9829,77.61155,25.74,4.104,0
573,1790311166,104.33,12.98292,77.61158,25.93,4.107,0
574,1790311167,104.97,12.98294,77.61161,25.85,4.107,0
575,1790311168,105.2,12.98296,77.61164,26.24,4.107,0
576,1790311169,105.93,12.98298,77.61167,25.85,4.108,0
577,1790311170,106.76,12.983,77.6117,26.07,4.103,0
578,1790311171,107.64,12.98302,77.61173,25.86,4.107,0
579,1790311172,108.39,12.98304,77.61176,25.98,4.108,0
580,1790311173,108.74,12.98306,77.61179,26.04,4.099,0
581,1790311174,109.08,12.98308,77.61182,26.21,4.107,0
582,1790311175,109.99,12.9831,77.61185,25.97,4.106,0
583,1790311176,110.38,12.98312,77.61188,25.72,4.105,0
584,1790311177,111.02,12.98314,77.61191,26.12,4.1,0
585,1790311178,111.69,12.98316,77.61194,25.63,4.108,0
586,1790311179,111.72,12.98318,77.61197,25.62,4.102,0
587,1790311180,112.36,12.9832,77.612,26.02,4.102,0
588,1790311181,113.59,12.98322,77.61203,26.15,4.107,0
589,1790311182,114.16,12.98324,77.61206,25.64,4.099,0
590,1790311183,114.24,12.98326,77.61209,25.79,4.105,0
591,1790311184,115.16,12.98328,77.61212,25.78,4.1,0
592,1790311185,116.15,12.9833,77.61215,25.8,4.102,0
593,1790311186,116.62,12.98332,77.61218,26.01,4.103,0
594,1790311187,117.15,12.98334,77.61221,25.95,4.099,0
595,1790311188,117.33,12.98336,77.61224,25.91,4.099,0
596,1790311189,118.66,12.98338,77.61227,25.75,4.1,0
597,1790311189,118.66,12.98338,77.61227,25.85,4.099,0
598,1790311190,118.51,12.9834,77.6123,25.99,4.1,0
599,1790311191,119.27,12.98342,77.61233,26.13,4.105,0
600,1790311192,119.8,12.98344,77.61236,25.63,4.103,0
601,1790311193,120.53,12.98346,77.61239,26.15,4.104,0
602,1790311194,121.72,12.98348,77.61242,26.04,4.099,0
603,1790311195,121.68,12.9835,77.61245,25.98,4.099,0
604,1790311196,122.45,12.98352,77.61248,25.7,4.101,0
605,1790311197,122.83,12.98354,77.61251,25.86,4.105,0
606,1790311198,123.95,12.98356,77.61254,25.62,4.101,0
607,1790311199,124.47,12.98358,77.61257,25.69,4.102,0
608,1790311200,125.03,12.9836,77.6126,29.41,4.096,0
609,1790311201,125.54,12.98362,77.61263,25.96,4.096,0
610,1790311202,126.52,12.98364,77.61266,25.53,4.101,0
611,1790311203,127.31,12.98366,77.61269,25.76,4.103,0
612,1790311204,127.89,12.98368,77.61272,25.81,4.096,0
613,1790311205,128.6,12.9837,77.61275,25.71,4.1,0
614,1790311206,129.18,12.98372,77.61278,25.56,4.1,0
615,1790311207,129.44,12.98374,77.61281,25.94,4.103,0
616,1790311208,130.44,12.98376,77.61284,25.61,4.103,0
617,1790311209,130.35,12.98378,77.61287,26.05,4.104,0
618,1790311210,131.2,12.9838,77.6129,25.8,4.102,0
619,1790311211,132.4,12.98382,77.61293,26.05,4.102,0
620,1790311212,132.08,12.98384,77.61296,25.83,4.094,0
621,1790311213,133.69,12.98386,77.61299,25.66,4.103,0
622,1790311214,133.89,12.98388,77.61302,25.78,4.102,0
623,1790311215,134.84,12.9839,77.61305,25.76,4.095,0
624,1790311216,134.74,12.98392,77.61308,25.58,4.097,0
625,1790311217,135.53,12.98394,77.61311,25.58,4.099,0
626,1790311218,136.71,12.98396,77.61314,25.81,4.1,0
627,1790311219,136.74,12.98398,77.61317,25.97,4.101,0
628,1790311220,138.04,12.984,77.6132,25.77,4.093,0
629,1790311221,138.52,12.98402,77.61323,25.57,4.092,0
630,1790311222,138.82,12.98404,77.61326,25.6,4.094,0
631,1790311223,139.39,12.98406,77.61329,25.9,4.101,0
632,1790311224,140.1,12.98408,77.61332,25.88,4.091,0
633,1790311225,141.1,12.9841,77.61335,25.86,4.092,0
634,1790311226,141.22,12.98412,77.61338,25.62,4.095,0
635,1790311227,142.25,12.98414,77.61341,25.98,4.098,0
636,1790311228,142.71,12.98416,77.61344,25.5,4.099,0
637,1790311229,143.36,12.98418,77.61347,25.8,4.092,0
638,1790311230,143.84,12.9842,77.6135,25.52,4.097,0
639,1790311231,144.98,12.98422,77.61353,25.67,4.095,0
640,1790311232,145.49,12.98424,77.61356,25.74,4.097,0
641,1790311233,145.9,12.98426,77.61359,25.56,4.098,0
642,1790311234,147.21,12.98428,77.61362,25.46,4.093,0
643,1790311235,147.7,12.9843,77.61365,25.46,4.095,0
644,1790311236,147.72,12.98432,77.61368,25.73,4.094,0
645,1790311237,148.89,12.98434,77.61371,25.49,4.092,0
646,1790311238,149.51,12.98436,77.61374,25.47,4.091,0
647,1790311239,150.23,12.98438,77.61377,25.44,4.094,0
648,1790311239,150.23,12.98438,77.61377,25.54,4.093,0
649,1790311240,151.13,12.9844,77.6138,25.66,4.093,0
650,1790311241,151.44,12.98442,77.61383,25.42,4.093,0
651,1790311242,152.46,12.98444,77.61386,25.81,4.092,0
652,1790311243,153.14,12.98446,77.61389,25.83,4.094,0
653,1790311244,153.03,12.98448,77.61392,25.58,4.089,0
654,1790311245,154.64,12.9845,77.61395,25.93,4.089,0
655,1790311246,155.26,12.98452,77.61398,25.39,4.091,0
656,1790311247,155.77,12.98454,77.61401,25.82,4.097,0
657,1790311248,156.32,12.98456,77.61404,25.61,4.097,0
658,1790311249,156.72,12.98458,77.61407,25.88,4.096,0
659,1790311250,157.4,12.9846,77.6141,25.76,4.094,0
660,1790311251,158.23,12.98462,77.61413,25.74,4.089,0
661,1790311252,158.55,12.98464,77.61416,25.67,4.091,0
662,1790311253,159.78,12.98466,77.61419,25.47,4.086,0
663,1790311254,159.75,12.98468,77.61422,25.52,4.093,0
664,1790311255,160.95,12.9847,77.61425,25.65,4.094,0
665,1790311256,161.34,12.98472,77.61428,25.54,4.089,0
666,1790311257,162.71,12.98474,77.61431,25.77,4.087,0
667,1790311258,163.26,12.98476,77.61434,25.57,4.093,0
668,1790311259,164.01,12.98478,77.61437,25.33,4.087,0
669,1790311260,163.92,12.9848,77.6144,25.34,4.091,0
670,1790311261,165.2,12.98482,77.61443,25.34,4.092,0
671,1790311262,165.59,12.98484,77.61446,25.45,4.087,0
672,1790311263,166.74,12.98486,77.61449,25.34,4.09,0
673,1790311264,166.85,12.98488,77.61452,25.79,4.091,0
674,1790311265,167.57,12.9849,77.61455,25.66,4.091,0
675,1790311266,168.26,12.98492,77.61458,25.47,4.085,0
676,1790311267,169.29,12.98494,77.61461,25.42,4.087,0
677,1790311268,169.38,12.98496,77.61464,25.86,4.093,0
678,1790311269,170.93,12.98498,77.61467,25.66,4.087,0
679,1790311270,171.21,12.985,77.6147,25.86,4.092,0
680,1790311271,172.08,12.98502,77.61473,25.75,4.086,0
681,1790311272,172.52,12.98504,77.61476,25.36,4.087,0
682,1790311273,173.55,12.98506,77.61479,25.55,4.091,0
683,1790311274,173.79,12.98508,77.61482,25.69,4.091,0
684,1790311275,175.1,12.9851,77.61485,25.6,4.093,0
685,1790311276,175.45,12.98512,77.61488,25.34,4.084,0
686,1790311277,175.79,12.98514,77.61491,25.65,4.091,0
687,1790311278,177.14,12.98516,77.61494,25.31,4.089,0
688,1790311279,177.19,12.98518,77.61497,25.41,4.089,0
689,1790311280,178.3,12.9852,77.615,25.76,4.084,0
690,1790311281,179.16,12.98522,77.61503,25.67,4.088,0
691,1790311282,179.59,12.98524,77.61506,25.76,4.084,0
692,1790311283,180.77,12.98526,77.61509,25.24,4.09,0
693,1790311284,181.48,12.98528,77.61512,25.3,4.091,0
694,1790311285,181.71,12.9853,77.61515,25.38,4.087,0
695,1790311286,182.14,12.98532,77.61518,25.77,4.087,0
696,1790311287,183.42,12.98534,77.61521,25.45,4.086,0
697,1790311288,183.72,12.98536,77.61524,25.38,4.085,0
698,1790311289,184.57,12.98538,77.61527,25.27,4.09,0
699,1790311290,185.25,12.9854,77.6153,25.71,4.089,0
700,1790311291,185.86,12.98542,77.61533,25.45,4.086,0
701,1790311292,186.43,12.98544,77.61536,25.29,4.083,0
702,1790311293,187.85,12.98546,77.61539,25.55,4.084,0
703,1790311294,187.79,12.98548,77.61542,25.39,4.083,0
704,1790311295,189.18,12.9855,77.61545,25.49,4.086,0
705,1790311296,189.75,12.98552,77.61548,25.34,4.087,0
706,1790311297,190.76,12.98554,77.61551,25.57,4.084,0
707,1790311298,190.68,12.98556,77.61554,25.66,4.081,0
708,1790311299,191.95,12.98558,77.61557,25.47,4.087,0
709,1790311300,192.49,12.9856,77.6156,25.56,4.079,0
710,1790311301,192.7,12.98562,77.61563,25.68,4.087,0
711,1790311302,194.07,12.98564,77.61566,25.62,4.082,0
712,1790311303,194.96,12.98566,77.61569,25.3,4.085,0
713,1790311304,194.85,12.98568,77.61572,25.46,4.082,0
714,1790311305,196.19,12.9857,77.61575,25.55,4.084,0
715,1790311306,196.78,12.98572,77.61578,25.44,4.077,0
716,1790311307,197.57,12.98574,77.61581,25.16,4.082,0
717,1790311308,198.02,12.98576,77.61584,25.73,4.077,0
718,1790311309,199.29,12.98578,77.61587,25.54,4.085,0
719,1790311310,200.12,12.9858,77.6159,25.2,4.078,0
720,1790311311,200.09,12.98582,77.61593,25.25,4.082,0
721,1790311312,201.49,12.98584,77.61596,25.29,4.08,0
722,1790311313,201.78,12.98586,77.61599,25.37,4.082,0
723,1790311314,203.13,12.98588,77.61602,25.26,4.083,0
724,1790311315,203.73,12.9859,77.61605,25.51,4.085,0
725,1790311316,204.37,12.98592,77.61608,25.17,4.08,0
726,1790311317,204.9,12.98594,77.61611,25.14,4.075,0
727,1790311318,205.26,12.98596,77.61614,25.41,4.079,0
728,1790311319,206.6,12.98598,77.61617,25.44,4.084,0
729,1790311320,206.66,12.986,77.6162,25.42,4.075,0
730,1790311321,207.51,12.98602,77.61623,25.62,4.084,0
731,1790311322,208.52,12.98604,77.61626,25.12,4.076,0
732,1790311323,209.72,12.98606,77.61629,25.63,4.081,0
733,1790311324,209.56,12.98608,77.61632,25.65,4.077,0
734,1790311325,211.23,12.9861,77.61635,25.43,4.082,0
735,1790311326,211.73,12.98612,77.61638,25.32,4.075,0
736,1790311327,211.92,12.98614,77.61641,25.21,4.082,0
737,1790311328,212.9,12.98616,77.61644,25.61,4.077,0
738,1790311329,214.01,12.98618,77.61647,25.15,4.084,0
739,1790311330,214.72,12.9862,77.6165,25.36,4.083,0
740,1790311331,214.8,12.98622,77.61653,25.32,4.081,0
741,1790311332,215.84,12.98624,77.61656,25.52,4.083,0
742,1790311333,216.65,12.98626,77.61659,25.51,4.073,0
743,1790311334,217.27,12.98628,77.61662,25.65,4.078,0
744,1790311335,218.11,12.9863,77.61665,25.61,4.077,0
745,1790311336,219.19,12.98632,77.61668,25.44,4.073,0
746,1790311337,219.88,12.98634,77.61671,25.52,4.079,0
747,1790311338,220.1,12.98636,77.61674,25.13,4.079,0
748,1790311339,221.4,12.98638,77.61677,25.47,4.075,0
749,1790311340,221.64,12.9864,77.6168,25.03,4.075,0
750,1790311341,222.65,12.98642,77.61683,25.18,4.073,0
751,1790311342,223.23,12.98644,77.61686,25.29,4.077,0
752,1790311343,224.21,12.98646,77.61689,25.04,4.075,0
753,1790311344,224.65,12.98648,77.61692,25.37,4.074,0
754,1790311345,225.71,12.9865,77.61695,25.19,4.075,0
755,1790311346,226.16,12.98652,77.61698,25.55,4.08,0
756,1790311347,227.83,12.98654,77.61701,25.34,4.072,0
757,1790311348,227.99,12.98656,77.61704,25.08,4.073,0
758,1790311349,228.86,12.98658,77.61707,25.04,4.074,0
759,1790311350,229.56,12.9866,77.6171,25.28,4.071,0
760,1790311351,230.16,12.98662,77.61713,25.14,4.076,0
761,1790311352,231.26,12.98664,77.61716,25.1,4.071,0
762,1790311353,231.74,12.98666,77.61719,25.55,4.073,0
763,1790311354,232.83,12.98668,77.61722,25.46,4.072,0
764,1790311355,233.31,12.9867,77.61725,25.46,4.078,0
765,1790311356,234.72,12.98672,77.61728,25.05,4.072,0
766,1790311357,235.47,12.98674,77.61731,25.09,4.072,0
767,1790311358,236.25,12.98676,77.61734,25.54,4.072,0
768,1790311359,236.75,12.98678,77.61737,25.25,4.075,0
769,1790311360,237.08,12.9868,77.6174,25.19,4.076,0
770,1790311361,238.0,12.98682,77.61743,25.02,4.074,0
771,1790311362,238.98,12.98684,77.61746,25.28,4.075,0
772,1790311363,239.71,12.98686,77.61749,25.51,4.073,0
773,1790311364,240.65,12.98688,77.61752,25.2,4.071,0
774,1790311365,241.41,12.9869,77.61755,25.43,4.075,0
775,1790311366,241.91,12.98692,77.61758,25.23,4.073,0
776,1790311367,242.51,12.98694,77.61761,25.33,4.074,0
777,1790311368,243.84,12.98696,77.61764,24.97,4.077,0
778,1790311369,244.32,12.98698,77.61767,25.16,4.072,0
779,1790311370,245.54,12.987,77.6177,25.34,4.072,0
780,1790311371,246.19,12.98702,77.61773,25.14,4.076,0
781,1790311372,246.72,12.98704,77.61776,25.29,4.067,0
782,1790311373,247.74,12.98706,77.61779,25.3,4.07,0
783,1790311374,248.4,12.98708,77.61782,24.93,4.076,0
784,1790311375,249.22,12.9871,77.61785,25.14,4.074,0
785,1790311376,250.3,12.98712,77.61788,25.16,4.066,0
786,1790311377,250.37,12.98714,77.61791,25.2,4.071,0
787,1790311378,251.48,12.98716,77.61794,25.24,4.069,0
788,1790311379,252.08,12.98718,77.61797,25.35,4.071,0
789,1790311380,252.98,12.9872,77.618,25.09,4.065,0
790,1790311381,253.37,12.98722,77.61803,25.13,4.075,0
791,1790311382,254.18,12.98724,77.61806,25.44,4.066,0
792,1790311383,255.17,12.98726,77.61809,25.14,4.067,0
793,1790311384,256.13,12.98728,77.61812,25.16,4.068,0
794,1790311385,257.15,12.9873,77.61815,25.06,4.067,0
795,1790311386,258.05,12.98732,77.61818,24.93,4.072,0
796,1790311387,258.69,12.98734,77.61821,25.27,4.066,0
797,1790311388,259.81,12.98736,77.61824,25.0,4.066,0
798,1790311389,259.79,12.98738,77.61827,25.19,4.074,0
799,1790311390,260.66,12.9874,77.6183,25.09,4.065,0
800,1790311391,261.87,12.98742,77.61833,25.1,4.063,0
801,1790311392,262.64,12.98744,77.61836,24.96,4.069,0
802,1790311393,263.22,12.98746,77.61839,25.26,4.065,0
803,1790311393,263.22,12.98746,77.61839,25.36,4.064,0
804,1790311394,264.38,12.98748,77.61842,25.32,4.064,0
805,1790311395,264.53,12.9875,77.61845,25.35,4.064,0
806,1790311396,265.57,12.98752,77.61848,25.1,4.065,0
807,1790311397,266.9,12.98754,77.61851,25.14,4.068,0
808,1790311398,267.45,12.98756,77.61854,25.19,4.068,0
809,1790311399,268.0,12.98758,77.61857,25.32,4.068,0
810,1790311400,269.27,12.9876,77.6186,25.23,4.065,0
811,1790311401,269.87,12.98762,77.61863,24.86,4.063,0
812,1790311402,270.19,12.98764,77.61866,24.98,4.063,0
813,1790311403,271.57,12.98766,77.61869,25.11,4.065,0
814,1790311404,271.83,12.98768,77.61872,25.03,4.063,0
815,1790311405,273.14,12.9877,77.61875,25.21,4.067,0
816,1790311406,274.31,12.98772,77.61878,25.12,4.066,0
817,1790311407,274.26,12.98774,77.61881,24.98,4.066,0
818,1790311408,274.99,12.98776,77.61884,25.0,4.06,0
819,1790311409,275.89,12.98778,77.61887,25.27,4.07,0
820,1790311410,277.08,12.9878,77.6189,25.07,4.067,0
821,1790311411,277.8,12.98782,77.61893,25.27,4.065,0
822,1790311412,278.28,12.98784,77.61896,24.79,4.068,0
823,1790311413,279.3,12.98786,77.61899,24.92,4.064,0
824,1790311414,280.0,12.98788,77.61902,25.03,4.066,0
825,1790311415,281.42,12.9879,77.61905,25.09,4.06,0
826,1790311416,281.58,12.98792,77.61908,25.22,4.067,0
827,1790311417,282.66,12.98794,77.61911,25.24,4.059,0
828,1790311418,283.83,12.98796,77.61914,25.08,4.069,0
829,1790311419,284.03,12.98798,77.61917,25.24,4.067,0
830,1790311420,285.05,12.988,77.6192,25.34,4.062,0
831,1790311421,285.93,12.98802,77.61923,25.23,4.062,0
832,1790311422,287.39,12.98804,77.61926,25.2,4.06,0
833,1790311423,288.04,12.98806,77.61929,25.08,4.062,0
834,1790311424,288.76,12.98808,77.61932,25.1,4.06,0
835,1790311425,289.02,12.9881,77.61935,24.84,4.059,0
836,1790311426,289.77,12.98812,77.61938,24.93,4.06,0
837,1790311427,291.07,12.98814,77.61941,24.9,4.064,0
838,1790311428,291.65,12.98816,77.61944,24.87,4.066,0
839,1790311429,293.18,12.98818,77.61947,25.12,4.058,0
840,1790311430,293.98,12.9882,77.6195,25.17,4.066,0
841,1790311431,294.84,12.98822,77.61953,25.22,4.058,0
842,1790311432,295.56,12.98824,77.61956,24.85,4.063,0
843,1790311433,296.35,12.98826,77.61959,25.15,4.063,0
844,1790311434,296.84,12.98828,77.61962,25.04,4.059,0
845,1790311435,297.6,12.9883,77.61965,24.95,4.062,0
846,1790311436,298.9,12.98832,77.61968,24.74,4.061,0
847,1790311437,299.14,12.98834,77.61971,25.24,4.06,0
848,1790311438,300.64,12.98836,77.61974,24.87,4.055,0
849,1790311439,301.3,12.98838,77.61977,25.11,4.062,0
850,1790311440,301.83,12.9884,77.6198,25.07,4.059,0
851,1790311441,302.27,12.98842,77.61983,24.98,4.057,0
852,1790311442,303.48,12.98844,77.61986,24.79,4.058,0
853,1790311443,304.72,12.98846,77.61989,24.86,4.06,0
854,1790311444,305.3,12.98848,77.61992,24.94,4.057,0
855,1790311445,306.25,12.9885,77.61995,24.68,4.055,0
856,1790311446,307.19,12.98852,77.61998,24.93,4.055,0
857,1790311447,308.12,12.98854,77.62001,24.9,4.054,0
858,1790311448,309.06,12.98856,77.62004,24.76,4.061,0
859,1790311449,309.08,12.98858,77.62007,25.02,4.056,0
860,1790311450,310.72,12.9886,77.6201,24.79,4.06,0
861,1790311451,310.89,12.98862,77.62013,24.85,4.062,0
862,1790311452,311.66,12.98864,77.62016,24.86,4.056,0
863,1790311453,313.04,12.98866,77.62019,24.76,4.06,0
864,1790311454,313.88,12.98868,77.62022,24.62,4.058,0
865,1790311455,314.16,12.9887,77.62025,24.75,4.06,0
866,1790311456,314.89,12.98872,77.62028,25.03,4.06,0
867,1790311457,316.73,12.98874,77.62031,24.86,4.053,0
868,1790311458,316.66,12.98876,77.62034,24.83,4.059,0
869,1790311459,317.54,12.98878,77.62037,24.79,4.061,0
870,1790311460,318.43,12.9888,77.6204,25.05,4.06,0
871,1790311461,319.28,12.98882,77.62043,25.19,4.052,0
872,1790311462,320.53,12.98884,77.62046,24.6,4.058,0
873,1790311463,321.3,12.98886,77.62049,25.01,4.057,0
874,1790311464,321.87,12.98888,77.62052,24.83,4.058,0
875,1790311465,323.43,12.9889,77.62055,24.63,4.052,0
876,1790311466,324.18,12.98892,77.62058,24.92,4.055,0
877,1790311467,325.25,12.98894,77.62061,24.76,4.052,0
878,1790311468,325.43,12.98896,77.62064,24.62,4.056,0
879,1790311469,326.61,12.98898,77.62067,24.92,4.058,0
880,1790311470,327.56,12.989,77.6207,25.07,4.057,0
881,1790311471,328.03,12.98902,77.62073,24.86,4.055,0
882,1790311472,329.35,12.98904,77.62076,24.73,4.051,0
883,1790311473,330.36,12.98906,77.62079,25.12,4.054,0
884,1790311474,330.43,12.98908,77.62082,24.84,4.055,0
885,1790311475,331.72,12.9891,77.62085,25.13,4.059,0
886,1790311476,332.98,12.98912,77.62088,24.62,4.058,0
887,1790311477,333.49,12.98914,77.62091,24.75,4.056,0
888,1790311478,334.55,12.98916,77.62094,25.1,4.057,0
889,1790311479,334.68,12.98918,77.62097,24.57,4.052,0
890,1790311480,335.56,12.9892,77.621,24.56,4.056,0
891,1790311481,336.9,12.98922,77.62103,24.9,4.053,0
892,1790311482,337.68,12.98924,77.62106,24.94,4.049,0
893,1790311483,338.67,12.98926,77.62109,24.88,4.051,0
894,1790311484,339.32,12.98928,77.62112,24.82,4.05,0
895,1790311485,340.69,12.9893,77.62115,24.82,4.052,0
896,1790311486,341.38,12.98932,77.62118,25.0,4.054,0
897,1790311487,341.7,12.98934,77.62121,24.92,4.054,0
898,1790311488,343.35,12.98936,77.62124,24.52,4.048,0
899,1790311489,343.81,12.98938,77.62127,24.76,4.053,0
900,1790311490,344.56,12.9894,77.6213,24.94,4.054,0
901,1790311491,345.25,12.98942,77.62133,24.9,4.053,0
902,1790311492,346.17,12.98944,77.62136,25.05,4.051,0
903,1790311493,347.66,12.98946,77.62139,24.91,4.048,0
904,1790311494,347.89,12.98948,77.62142,24.94,4.049,0
905,1790311495,349.53,12.9895,77.62145,24.93,4.046,0
906,1790311495,349.53,12.9895,77.62145,25.03,4.045,0
907,1790311496,350.33,12.98952,77.62148,24.62,4.047,0
908,1790311497,351.12,12.98954,77.62151,24.81,4.047,0
909,1790311498,351.75,12.98956,77.62154,24.68,4.05,0
910,1790311499,352.74,12.98958,77.62157,24.67,4.048,0
911,1790311500,353.15,12.9896,77.6216,24.79,4.052,0
912,1790311501,354.17,12.98962,77.62163,24.76,4.045,0
913,1790311502,355.68,12.98964,77.62166,24.59,4.05,0
914,1790311503,356.09,12.98966,77.62169,24.53,4.054,0
915,1790311504,357.45,12.98968,77.62172,24.77,4.053,0
916,1790311505,358.22,12.9897,77.62175,24.68,4.047,0
917,1790311506,358.79,12.98972,77.62178,24.86,4.047,0
918,1790311507,359.34,12.98974,77.62181,24.64,4.049,0
919,1790311508,361.05,12.98976,77.62184,24.53,4.052,0
920,1790311509,362.02,12.98978,77.62187,24.99,4.044,0
921,1790311510,362.4,12.9898,77.6219,24.58,4.051,0
922,1790311511,363.15,12.98982,77.62193,24.74,4.043,0
923,1790311512,363.91,12.98984,77.62196,24.75,4.046,0
924,1790311513,365.23,12.98986,77.62199,24.68,4.049,0
925,1790311514,365.99,12.98988,77.62202,24.86,4.045,0
926,1790311515,367.29,12.9899,77.62205,24.86,4.045,0
927,1790311516,367.3,12.98992,77.62208,24.64,4.044,0
928,1790311517,368.54,12.98994,77.62211,24.89,4.051,0
929,1790311518,370.03,12.98996,77.62214,24.38,4.049,0
930,1790311519,370.83,12.98998,77.62217,24.82,4.043,0
931,1790311520,371.41,12.99,77.6222,24.52,4.047,0
932,1790311521,371.84,12.99002,77.62223,24.97,4.048,0
933,1790311522,372.77,12.99004,77.62226,24.92,4.05,0
934,1790311523,374.1,12.99006,77.62229,24.79,4.045,0
935,1790311524,375.45,12.99008,77.62232,24.41,4.042,0
936,1790311525,375.51,12.9901,77.62235,24.85,4.042,0
937,1790311526,376.85,12.99012,77.62238,24.62,4.051,0
938,1790311527,377.42,12.99014,77.62241,24.51,4.044,0
939,1790311528,378.89,12.99016,77.62244,24.77,4.047,0
940,1790311529,379.31,12.99018,77.62247,24.51,4.041,0
941,1790311530,380.1,12.9902,77.6225,24.81,4.046,0
942,1790311531,380.96,12.99022,77.62253,24.44,4.045,0
943,1790311532,382.12,12.99024,77.62256,24.65,4.05,0
944,1790311533,382.83,12.99026,77.62259,24.51,4.043,0
945,1790311534,383.65,12.99028,77.62262,24.42,4.046,0
946,1790311535,385.27,12.9903,77.62265,24.74,4.039,0
947,1790311536,386.19,12.99032,77.62268,24.52,4.04,0
948,1790311537,386.51,12.99034,77.62271,24.53,4.044,0
949,1790311538,387.85,12.99036,77.62274,24.47,4.049,0
950,1790311539,388.11,12.99038,77.62277,24.55,4.043,0
951,1790311540,389.74,12.9904,77.6228,24.46,4.043,0
952,1790311541,390.7,12.99042,77.62283,24.38,4.038,0
953,1790311542,391.65,12.99044,77.62286,24.89,4.039,0
954,1790311543,392.55,12.99046,77.62289,24.51,4.044,0
955,1790311544,393.29,12.99048,77.62292,24.64,4.041,0
956,1790311545,394.37,12.9905,77.62295,24.3,4.039,0
957,1790311546,395.38,12.99052,77.62298,24.55,4.038,0
958,1790311547,396.31,12.99054,77.62301,24.78,4.04,0
959,1790311548,396.36,12.99056,77.62304,24.56,4.039,0
960,1790311549,397.81,12.99058,77.62307,24.76,4.041,0
961,1790311550,398.19,12.9906,77.6231,,4.039,0
962,1790311551,399.29,12.99062,77.62313,24.38,4.04,0
963,1790311552,400.88,12.99064,77.62316,24.28,4.042,0
964,1790311553,401.17,12.99066,77.62319,24.44,4.04,0
965,1790311554,402.39,12.99068,77.62322,24.29,4.039,0
966,1790311555,402.9,12.9907,77.62325,24.37,4.045,0
967,1790311556,404.22,12.99072,77.62328,24.63,4.044,0
968,1790311557,405.4,12.99074,77.62331,24.83,4.043,0
969,1790311558,405.9,12.99076,77.62334,24.57,4.04,0
970,1790311559,407.37,12.99078,77.62337,24.54,4.039,0
971,1790311560,407.57,12.9908,77.6234,24.42,4.037,0
972,1790311561,409.22,12.99082,77.62343,24.7,4.036,0
973,1790311562,410.24,12.99084,77.62346,24.55,4.043,0
974,1790311563,411.18,12.99086,77.62349,24.8,4.036,0
975,1790311564,411.76,12.99088,77.62352,24.38,4.042,0
976,1790311565,412.95,12.9909,77.62355,24.25,4.044,0
977,1790311566,413.19,12.99092,77.62358,24.72,4.042,0
978,1790311567,414.25,12.99094,77.62361,24.71,4.042,0
979,1790311568,415.01,12.99096,77.62364,24.56,4.042,0
980,1790311569,416.46,12.99098,77.62367,24.75,4.033,0
981,1790311570,417.4,12.991,77.6237,24.77,4.039,0
982,1790311571,418.19,12.99102,77.62373,24.3,4.043,0
983,1790311572,419.45,12.99104,77.62376,24.49,4.036,0
984,1790311573,419.99,12.99106,77.62379,24.24,4.035,0
985,1790311574,420.66,12.99108,77.62382,24.5,4.033,0
986,1790311575,422.3,12.9911,77.62385,24.3,4.034,0
987,1790311576,423.03,12.99112,77.62388,24.73,4.04,0
988,1790311577,423.57,12.99114,77.62391,24.18,4.038,0
989,1790311578,425.11,12.99116,77.62394,24.63,4.04,0
990,1790311579,425.99,12.99118,77.62397,24.74,4.036,0
991,1790311580,427.01,12.9912,77.624,24.4,4.033,0
992,1790311581,427.31,12.99122,77.62403,24.24,4.034,0
993,1790311582,428.9,12.99124,77.62406,24.63,4.041,0
994,1790311583,429.55,12.99126,77.62409,24.25,4.041,0
995,1790311584,430.53,12.99128,77.62412,24.71,4.039,0
996,1790311585,431.0,12.9913,77.62415,24.49,4.033,0
997,1790311586,432.04,12.99132,77.62418,24.55,4.032,0
998,1790311587,433.4,12.99134,77.62421,24.71,4.039,0
999,1790311588,434.01,12.99136,77.62424,24.73,4.04,0
1000,1790311589,434.6,12.99138,77.62427,24.49,4.039,0
1001,1790311590,436.49,12.9914,77.6243,24.26,4.036,0
1002,1790311591,437.4,12.99142,77.62433,24.2,4.037,0
1003,1790311592,437.65,12.99144,77.62436,24.71,4.032,0
1004,1790311593,439.25,12.99146,77.62439,24.16,4.037,0
1005,1790311594,439.95,12.99148,77.62442,24.64,4.033,0
1006,1790311595,440.53,12.9915,77.62445,24.26,4.03,0
1007,1790311596,441.47,12.99152,77.62448,24.16,4.029,0
1008,1790311597,442.56,12.99154,77.62451,24.54,4.039,0
1009,1790311598,444.0,12.99156,77.62454,24.4,4.033,0
1010,1790311599,444.62,12.99158,77.62457,24.15,4.034,0
1011,1790311600,445.89,12.9916,77.6246,24.48,4.035,0
1012,1790311601,446.14,12.99162,77.62463,24.13,4.036,0
1013,1790311602,447.23,12.99164,77.62466,24.27,4.038,0
1014,1790311603,447.97,12.99166,77.62469,24.18,4.032,0
1015,1790311604,449.58,12.99168,77.62472,24.4,4.037,0
1016,1790311605,449.9,12.9917,77.62475,24.43,4.033,0
1017,1790311606,451.25,12.99172,77.62478,24.09,4.036,0
1018,1790311607,451.89,12.99174,77.62481,24.59,4.029,0
1019,1790311608,452.79,12.99176,77.62484,24.18,4.029,0
1020,1790311609,454.35,12.99178,77.62487,24.49,4.034,0
1021,1790311610,454.88,12.9918,77.6249,24.22,4.029,0
1022,1790311611,455.62,12.99182,77.62493,24.39,4.035,0
1023,1790311612,456.68,12.99184,77.62496,24.27,4.03,0
1024,1790311613,457.79,12.99186,77.62499,24.44,4.032,0
1025,1790311614,458.66,12.99188,77.62502,24.06,4.028,0
1026,1790311615,459.72,12.9919,77.62505,24.08,4.034,0
1027,1790311616,460.7,12.99192,77.62508,24.27,4.031,0
1028,1790311617,462.02,12.99194,77.62511,24.08,4.03,0
1029,1790311618,462.5,12.99196,77.62514,24.55,4.029,0
1030,1790311619,463.74,12.99198,77.62517,24.18,4.03,0
1031,1790311620,464.49,12.992,77.6252,24.18,4.026,0
1032,1790311621,465.98,12.99202,77.62523,24.41,4.026,0
1033,1790311622,466.54,12.99204,77.62526,24.33,4.035,0
1034,1790311623,467.76,12.99206,77.62529,24.34,4.033,0
1035,1790311624,468.96,12.99208,77.62532,24.25,4.029,0
1036,1790311625,469.98,12.9921,77.62535,24.28,4.033,0
1037,1790311626,470.56,12.99212,77.62538,24.05,4.033,0
1038,1790311627,471.76,12.99214,77.62541,24.29,4.033,0
1039,1790311628,472.83,12.99216,77.62544,24.4,4.03,0
1040,1790311629,473.12,12.99218,77.62547,24.43,4.026,0
1041,1790311630,474.95,12.9922,77.6255,24.56,4.031,0
1042,1790311631,475.08,12.99222,77.62553,24.23,4.033,0
1043,1790311632,476.37,12.99224,77.62556,24.57,4.029,0
1044,1790311633,477.73,12.99226,77.62559,24.12,4.032,0
1045,1790311634,478.79,12.99228,77.62562,24.01,4.027,0
1046,1790311635,479.26,12.9923,77.62565,24.16,4.025,0
1047,1790311636,480.3,12.99232,77.62568,24.48,4.03,0
1048,1790311637,481.43,12.99234,77.62571,24.27,4.026,0
1049,1790311638,482.2,12.99236,77.62574,24.04,4.028,0
1050,1790311639,483.54,12.99238,77.62577,24.51,4.031,0
1051,1790311640,484.32,12.9924,77.6258,24.0,4.025,0
1052,1790311641,485.28,12.99242,77.62583,24.15,4.026,0
1053,1790311642,486.1,12.99244,77.62586,24.23,4.027,0
1054,1790311643,486.74,12.99246,77.62589,24.1,4.022,0
1055,1790311644,488.3,12.99248,77.62592,24.35,4.021,0
1056,1790311645,489.56,12.9925,77.62595,24.13,4.023,0
1057,1790311646,490.41,12.99252,77.62598,24.47,4.03,0
1058,1790311647,490.66,12.99254,77.62601,24.41,4.024,0
1059,1790311648,491.91,12.99256,77.62604,24.21,4.027,0
1060,1790311649,492.72,12.99258,77.62607,24.43,4.021,0
1061,1790311650,494.58,12.9926,77.6261,24.18,4.028,0
1062,1790311651,494.86,12.99262,77.62613,24.15,4.026,0
1063,1790311652,495.77,12.99264,77.62616,24.03,4.028,0
1064,1790311653,497.31,12.99266,77.62619,24.36,4.028,0
1065,1790311654,498.38,12.99268,77.62622,24.2,4.021,0
1066,1790311655,498.87,12.9927,77.62625,24.19,4.02,0
1067,1790311656,500.4,12.99272,77.62628,24.42,4.019,0
1068,1790311657,500.73,12.99274,77.62631,24.38,4.027,0
1069,1790311658,501.78,12.99276,77.62634,24.15,4.028,0
1070,1790311659,503.23,12.99278,77.62637,24.04,4.027,0
1071,1790311660,504.03,12.9928,77.6264,24.25,4.019,0
1072,1790311661,504.55,12.99282,77.62643,24.09,4.024,0
1073,1790311662,505.69,12.99284,77.62646,24.38,4.024,0
1074,1790311663,506.86,12.99286,77.62649,23.96,4.027,0
1075,1790311664,508.26,12.99288,77.62652,24.27,4.021,0
1076,1790311665,508.89,12.9929,77.62655,23.95,4.023,0
1077,1790311666,510.46,12.99292,77.62658,24.36,4.023,0
1078,1790311667,511.18,12.99294,77.62661,24.01,4.021,0
1079,1790311668,511.52,12.99296,77.62664,24.31,4.025,0
1080,1790311669,512.51,12.99298,77.62667,24.39,4.023,0
1081,1790311670,514.1,12.993,77.6267,23.85,4.02,0
1082,1790311671,515.31,12.99302,77.62673,24.01,4.027,0
1083,1790311672,516.15,12.99304,77.62676,24.08,4.02,0
1084,1790311673,516.86,12.99306,77.62679,23.98,4.021,0
1085,1790311674,518.19,12.99308,77.62682,24.31,4.02,0
1086,1790311675,518.62,12.9931,77.62685,24.13,4.023,0
1087,1790311676,520.36,12.99312,77.62688,24.03,4.022,0
1088,1790311677,521.14,12.99314,77.62691,23.99,4.017,0
1089,1790311678,521.59,12.99316,77.62694,24.4,4.021,0
1090,1790311679,523.4,12.99318,77.62697,23.96,4.022,0
1091,1790311680,524.44,12.9932,77.627,23.98,4.016,0
1092,1790311681,525.32,12.99322,77.62703,24.34,4.023,0
1093,1790311682,526.36,12.99324,77.62706,24.15,4.022,0
1094,1790311683,527.25,12.99326,77.62709,24.22,4.021,0
1095,1790311684,528.58,12.99328,77.62712,23.95,4.018,0
1096,1790311685,528.98,12.9933,77.62715,23.8,4.021,0
1097,1790311686,530.18,12.99332,77.62718,23.89,4.021,0
1098,1790311687,530.84,12.99334,77.62721,24.09,4.022,0
1099,1790311688,532.54,12.99336,77.62724,24.17,4.019,0
1100,1790311689,533.49,12.99338,77.62727,24.27,4.023,0
1101,1790311690,533.84,12.9934,77.6273,23.82,4.014,0
1102,1790311691,534.93,12.99342,77.62733,24.25,4.021,0
1103,1790311692,535.87,12.99344,77.62736,24.17,4.016,0
1104,1790311693,536.79,12.99346,77.62739,23.96,4.02,0
1105,1790311694,538.03,12.99348,77.62742,24.22,4.016,0
1106,1790311695,539.0,12.9935,77.62745,23.93,4.022,0
1107,1790311696,540.22,12.99352,77.62748,24.26,4.018,0
1108,1790311697,541.71,12.99354,77.62751,23.78,4.021,0
1109,1790311698,542.29,12.99356,77.62754,24.26,4.016,0
1110,1790311699,543.11,12.99358,77.62757,23.76,4.021,0
1111,1790311700,543.97,12.9936,77.6276,23.85,4.016,0
1112,1790311701,545.42,12.99362,77.62763,24.26,4.017,0
1113,1790311702,546.19,12.99364,77.62766,24.15,4.019,0
1114,1790311703,547.39,12.99366,77.62769,24.1,4.013,0
1115,1790311704,548.55,12.99368,77.62772,23.71,4.014,0
1116,1790311705,549.7,12.9937,77.62775,23.81,4.019,0
1117,1790311706,550.46,12.99372,77.62778,24.17,4.012,0
1118,1790311707,551.6,12.99374,77.62781,24.08,4.015,0
1119,1790311708,552.99,12.99376,77.62784,23.93,4.01,0
1120,1790311709,553.24,12.99378,77.62787,23.92,4.01,0
1121,1790311710,554.39,12.9938,77.6279,24.19,4.012,0
1122,1790311711,555.78,12.99382,77.62793,24.07,4.012,0
1123,1790311712,556.81,12.99384,77.62796,23.89,4.011,0
1124,1790311713,557.53,12.99386,77.62799,24.03,4.011,0
1125,1790311714,559.0,12.99388,77.62802,23.86,4.012,0
1126,1790311715,559.94,12.9939,77.62805,24.03,4.012,0
1127,1790311716,561.13,12.99392,77.62808,24.27,4.012,0
1128,1790311717,562.17,12.99394,77.62811,23.89,4.011,0
1129,1790311718,563.26,12.99396,77.62814,24.21,4.013,0
1130,1790311719,563.57,12.99398,77.62817,24.1,4.01,0
1131,1790311720,565.1,12.994,77.6282,24.01,4.01,0
1132,1790311721,565.77,12.99402,77.62823,24.04,4.008,0
1133,1790311722,567.32,12.99404,77.62826,23.8,4.013,0
1134,1790311723,567.52,12.99406,77.62829,24.24,4.015,0
1135,1790311724,569.16,12.99408,77.62832,23.65,4.015,0
1136,1790311725,569.96,12.9941,77.62835,23.87,4.013,0
1137,1790311726,571.05,12.99412,77.62838,23.72,4.014,0
1138,1790311727,572.25,12.99414,77.62841,23.81,4.014,0
1139,1790311728,573.32,12.99416,77.62844,23.79,4.013,0
1140,1790311729,573.84,12.99418,77.62847,24.12,4.008,0
1141,1790311730,575.45,12.9942,77.6285,23.69,4.008,0
1142,1790311731,575.88,12.99422,77.62853,23.74,4.008,0
1143,1790311732,577.08,12.99424,77.62856,23.92,4.008,0
1144,1790311733,578.56,12.99426,77.62859,23.79,4.006,0
1145,1790311734,579.4,12.99428,77.62862,23.73,4.015,0
1146,1790311735,580.27,12.9943,77.62865,23.6,4.013,0
1147,1790311736,581.89,12.99432,77.62868,24.1,4.013,0
1148,1790311737,582.18,12.99434,77.62871,23.64,4.011,0
1149,1790311738,583.79,12.99436,77.62874,23.65,4.008,0
1150,1790311739,584.35,12.99438,77.62877,24.18,4.008,0
1151,1790311740,585.62,12.9944,77.6288,23.64,4.007,0
1152,1790311741,586.25,12.99442,77.62883,23.75,4.013,0
1153,1790311742,587.56,12.99444,77.62886,24.02,4.006,0
1154,1790311743,589.06,12.99446,77.62889,23.6,4.014,0
1155,1790311744,590.01,12.99448,77.62892,23.67,4.008,0
1156,1790311745,590.84,12.9945,77.62895,23.94,4.013,0
1157,1790311746,591.54,12.99452,77.62898,24.05,4.006,0
1158,1790311747,592.9,12.99454,77.62901,24.14,4.007,0
1159,1790311748,593.94,12.99456,77.62904,24.06,4.012,0
1160,1790311749,595.25,12.99458,77.62907,24.03,4.004,0
1161,1790311750,596.35,12.9946,77.6291,23.59,4.012,0
1162,1790311751,596.86,12.99462,77.62913,23.79,4.009,0
1163,1790311752,598.56,12.99464,77.62916,23.95,4.005,0
1164,1790311753,599.19,12.99466,77.62919,23.76,4.003,0
1165,1790311754,600.54,12.99468,77.62922,24.03,4.013,0
1166,1790311755,601.05,12.9947,77.62925,24.08,4.004,0
1167,1790311756,602.38,12.99472,77.62928,23.56,4.005,0
1168,1790311757,603.34,12.99474,77.62931,23.94,4.009,0
1169,1790311758,604.86,12.99476,77.62934,23.87,4.008,0
1170,1790311759,606.12,12.99478,77.62937,23.91,4.005,0
1171,1790311760,606.72,12.9948,77.6294,23.93,4.003,0
1172,1790311761,607.92,12.99482,77.62943,23.66,4.004,0
1173,1790311762,609.0,12.99484,77.62946,23.73,4.009,0
1174,1790311763,609.94,12.99486,77.62949,24.09,4.002,0
1175,1790311764,611.08,12.99488,77.62952,23.59,4.009,0
1176,1790311765,612.35,12.9949,77.62955,24.01,4.002,0
1177,1790311766,613.05,12.99492,77.62958,23.63,4.011,0
1178,1790311767,613.67,12.99494,77.62961,23.62,4.007,0
1179,1790311768,615.09,12.99496,77.62964,23.62,4.005,0
1180,1790311769,616.55,12.99498,77.62967,23.75,4.009,0
1181,1790311770,617.27,12.995,77.6297,23.54,4.005,0
1182,1790311771,618.53,12.99502,77.62973,23.53,4.004,0
1183,1790311772,619.51,12.99504,77.62976,23.47,4.001,0
1184,1790311773,620.61,12.99506,77.62979,23.83,4.003,0
1185,1790311774,621.59,12.99508,77.62982,23.58,4.006,0
1186,1790311775,623.09,12.9951,77.62985,23.68,4.0,0
1187,1790311776,623.43,12.99512,77.62988,23.72,4.005,0
1188,1790311777,624.9,12.99514,77.62991,23.73,4.006,0
1189,1790311778,626.07,12.99516,77.62994,23.52,4.007,0
1190,1790311779,626.64,12.99518,77.62997,23.64,4.006,0
1191,1790311780,628.45,12.9952,77.63,23.62,4.003,0
1192,1790311781,629.26,12.99522,77.63003,23.47,4.0,0
1193,1790311782,629.77,12.99524,77.63006,23.86,4.005,0
1194,1790311783,630.81,12.99526,77.63009,23.8,4.0,0
1195,1790311784,632.71,12.99528,77.63012,23.66,4.003,0
1196,1790311785,633.63,12.9953,77.63015,23.85,3.999,0
1197,1790311786,634.33,12.99532,77.63018,23.98,4.005,0
1198,1790311787,635.59,12.99534,77.63021,23.87,4.002,0
1199,1790311788,636.73,12.99536,77.63024,23.98,3.998,0
1200,1790311789,637.65,12.99538,77.63027,23.73,3.997,0
1201,1790311790,639.16,12.9954,77.6303,23.9,4.002,0
1202,1790311791,639.81,12.99542,77.63033,23.95,3.999,0
1203,1790311792,640.96,12.99544,77.63036,23.84,3.997,0
1204,1790311793,641.85,12.99546,77.63039,23.75,4.005,0
1205,1790311794,643.03,12.99548,77.63042,23.62,4.006,0
1206,1790311795,644.53,12.9955,77.63045,23.84,3.999,0
1207,1790311796,645.65,12.99552,77.63048,23.96,4.001,0
1208,1790311797,645.9,12.99554,77.63051,23.63,4.003,0
1209,1790311798,647.61,12.99556,77.63054,23.55,4.002,0
1210,1790311799,648.8,12.99558,77.63057,23.8,4.004,0
1211,2026-09-25T10:20:00Z,649.65,12.9956,77.6306,23.49,4.001,0
1212,2026-09-25T10:20:01Z,650.39,12.99562,77.63063,23.57,4.002,0
1213,2026-09-25T10:20:02Z,652.17,12.99564,77.63066,23.75,4.005,0
1214,2026-09-25T10:20:03Z,652.77,12.99566,77.63069,23.78,3.998,0
1215,2026-09-25T10:20:04Z,653.47,12.99568,77.63072,23.56,3.999,0
1216,2026-09-25T10:20:05Z,655.01,12.9957,77.63075,23.75,3.998,0
1217,2026-09-25T10:20:06Z,656.28,12.99572,77.63078,23.84,3.997,0
1218,2026-09-25T10:20:07Z,657.46,12.99574,77.63081,23.82,3.999,0
1219,2026-09-25T10:20:08Z,657.73,12.99576,77.63084,23.43,4.001,0
1220,2026-09-25T10:20:09Z,658.99,12.99578,77.63087,23.78,3.996,0
1221,2026-09-25T10:20:10Z,660.16,12.9958,77.6309,23.48,4.001,0
1222,2026-09-25T10:20:11Z,661.65,12.99582,77.63093,23.51,4.001,0
1223,2026-09-25T10:20:12Z,662.08,12.99584,77.63096,23.81,3.994,0
1224,2026-09-25T10:20:13Z,664.01,12.99586,77.63099,23.76,4.002,0
1225,2026-09-25T10:20:14Z,664.97,12.99588,77.63102,23.66,3.995,0
1226,2026-09-25T10:20:15Z,666.1,12.9959,77.63105,23.79,3.996,0
1227,2026-09-25T10:20:16Z,667.08,12.99592,77.63108,23.87,3.996,0
1228,2026-09-25T10:20:17Z,668.47,12.99594,77.63111,23.9,3.995,0
1229,2026-09-25T10:20:18Z,669.15,12.99596,77.63114,23.31,3.995,0
1230,2026-09-25T10:20:19Z,670.32,12.99598,77.63117,23.77,4.001,0
1231,2026-09-25T10:20:20Z,671.62,12.996,77.6312,23.84,3.999,0
1232,2026-09-25T10:20:21Z,672.53,12.99602,77.63123,23.74,3.997,0
1233,2026-09-25T10:20:22Z,673.58,12.99604,77.63126,23.76,4.001,0
1234,2026-09-25T10:20:23Z,674.37,12.99606,77.63129,23.39,3.998,0
1235,2026-09-25T10:20:24Z,675.36,12.99608,77.63132,23.38,3.996,0
1236,2026-09-25T10:20:25Z,676.65,12.9961,77.63135,23.54,3.997,0
1237,2026-09-25T10:20:26Z,677.5,12.99612,77.63138,23.62,3.994,0
1238,2026-09-25T10:20:27Z,678.8,12.99614,77.63141,23.7,3.993,0
1239,2026-09-25T10:20:28Z,679.71,12.99616,77.63144,23.46,3.991,0
1240,2026-09-25T10:20:29Z,681.59,12.99618,77.63147,23.63,3.997,0
1241,2026-09-25T10:20:30Z,682.25,12.9962,77.6315,23.6,3.994,0
1242,2026-09-25T10:20:31Z,683.64,12.99622,77.63153,23.44,3.992,0
1243,2026-09-25T10:20:32Z,684.15,12.99624,77.63156,23.29,3.995,0
1244,2026-09-25T10:20:33Z,685.49,12.99626,77.63159,23.57,3.991,0
1245,2026-09-25T10:20:34Z,686.39,12.99628,77.63162,23.37,3.992,0
1246,2026-09-25T10:20:35Z,687.63,12.9963,77.63165,23.37,3.997,0
1247,2026-09-25T10:20:36Z,688.91,12.99632,77.63168,23.84,3.997,0
1248,2026-09-25T10:20:36Z,688.91,12.99632,77.63168,23.94,3.996,0
1249,2026-09-25T10:20:37Z,690.46,12.99634,77.63171,23.24,3.996,0
1250,2026-09-25T10:20:38Z,691.04,12.99636,77.63174,23.77,3.995,0
1251,2026-09-25T10:20:39Z,692.31,12.99638,77.63177,23.81,3.996,0
1252,2026-09-25T10:20:40Z,693.12,13.0464,77.6818,23.77,3.997,1
1253,2026-09-25T10:20:41Z,694.29,12.99642,77.63183,23.54,3.991,0
1254,2026-09-25T10:20:42Z,695.92,12.99644,77.63186,23.71,3.992,0
1255,2026-09-25T10:20:43Z,696.92,12.99646,77.63189,23.48,3.988,0
1256,2026-09-25T10:20:44Z,698.13,12.99648,77.63192,23.33,3.993,0
1257,2026-09-25T10:20:45Z,699.29,12.9965,77.63195,23.3,3.998,0
1258,2026-09-25T10:20:46Z,699.99,12.99652,77.63198,23.2,3.988,0
1259,2026-09-25T10:20:47Z,701.23,12.99654,77.63201,23.66,3.996,0
1260,2026-09-25T10:20:48Z,702.09,12.99656,77.63204,23.25,3.992,0
1261,2026-09-25T10:20:49Z,703.48,12.99658,77.63207,23.78,3.995,0
1262,2026-09-25T10:20:50Z,704.54,12.9966,77.6321,23.75,3.994,0
1263,2026-09-25T10:20:51Z,705.15,12.99662,77.63213,23.46,3.99,0
1264,2026-09-25T10:20:52Z,706.21,12.99664,77.63216,23.21,3.994,0
1265,2026-09-25T10:20:53Z,707.79,12.99666,77.63219,23.52,3.988,0
1266,2026-09-25T10:20:54Z,708.6,12.99668,77.63222,23.4,3.992,0
1267,2026-09-25T10:20:55Z,709.89,12.9967,77.63225,23.18,3.993,0
1268,2026-09-25T10:20:56Z,711.1,12.99672,77.63228,23.54,3.992,0
1269,2026-09-25T10:20:57Z,712.45,12.99674,77.63231,23.51,3.993,0
1270,2026-09-25T10:20:58Z,712.88,12.99676,77.63234,23.72,3.986,0
1271,2026-09-25T10:20:59Z,714.71,12.99678,77.63237,23.33,3.986,0
1272,2026-09-25T10:21:00Z,715.81,12.9968,77.6324,23.41,3.989,0
1273,2026-09-25T10:21:01Z,716.82,12.99682,77.63243,23.43,3.99,0
1274,2026-09-25T10:21:02Z,717.42,12.99684,77.63246,23.37,3.993,0
1275,2026-09-25T10:21:03Z,718.95,12.99686,77.63249,23.72,3.986,0
1276,2026-09-25T10:21:04Z,720.2,12.99688,77.63252,23.69,3.992,0
1277,2026-09-25T10:21:05Z,721.37,12.9969,77.63255,23.35,3.993,0
1278,2026-09-25T10:21:06Z,722.31,12.99692,77.63258,23.46,3.985,0
1279,2026-09-25T10:21:07Z,722.89,12.99694,77.63261,23.48,3.989,0
1280,2026-09-25T10:21:08Z,724.95,12.99696,77.63264,23.3,3.991,0
1281,2026-09-25T10:21:09Z,726.03,12.99698,77.63267,23.33,3.988,0
1282,2026-09-25T10:21:10Z,726.9,12.997,77.6327,23.42,3.985,0
1283,2026-09-25T10:21:11Z,727.6,12.99702,77.63273,23.61,3.985,0
1284,2026-09-25T10:21:12Z,728.68,12.99704,77.63276,23.59,3.992,0
1285,2026-09-25T10:21:13Z,730.48,12.99706,77.63279,23.66,3.993,0
1286,2026-09-25T10:21:14Z,731.21,12.99708,77.63282,23.43,3.986,0
1287,2026-09-25T10:21:15Z,731.95,12.9971,77.63285,23.16,3.99,0
1288,2026-09-25T10:21:16Z,733.49,12.99712,77.63288,23.29,3.983,0
1289,2026-09-25T10:21:17Z,734.79,12.99714,77.63291,23.15,3.988,0
1290,2026-09-25T10:21:18Z,736.16,12.99716,77.63294,23.27,3.987,0
1291,2026-09-25T10:21:19Z,737.01,12.99718,77.63297,23.26,3.988,0
1292,2026-09-25T10:21:20Z,738.09,12.9972,77.633,23.3,3.985,0
1293,2026-09-25T10:21:21Z,739.08,12.99722,77.63303,23.07,3.984,0
1294,2026-09-25T10:21:22Z,740.0,12.99724,77.63306,23.51,3.985,0
1295,2026-09-25T10:21:23Z,741.75,12.99726,77.63309,23.15,3.988,0
1296,2026-09-25T10:21:24Z,742.92,12.99728,77.63312,23.34,3.985,0
1297,2026-09-25T10:21:25Z,743.48,12.9973,77.63315,23.39,3.983,0
1298,2026-09-25T10:21:26Z,744.92,12.99732,77.63318,23.57,3.99,0
1299,2026-09-25T10:21:27Z,745.58,12.99734,77.63321,23.37,3.984,0
1300,2026-09-25T10:21:28Z,747.46,12.99736,77.63324,23.1,3.981,0
1301,2026-09-25T10:21:29Z,747.73,12.99738,77.63327,23.35,3.98,0
1302,2026-09-25T10:21:30Z,749.42,12.9974,77.6333,23.28,3.986,0
1303,2026-09-25T10:21:31Z,750.89,12.99742,77.63333,23.37,3.985,0
1304,2026-09-25T10:21:32Z,752.12,12.99744,77.63336,23.31,3.988,0
1305,2026-09-25T10:21:33Z,752.62,12.99746,77.63339,23.16,3.988,0
1306,2026-09-25T10:21:34Z,754.12,12.99748,77.63342,23.2,3.984,0
1307,2026-09-25T10:21:35Z,755.04,12.9975,77.63345,23.26,3.984,0
1308,2026-09-25T10:21:36Z,756.33,12.99752,77.63348,23.53,3.987,0
1309,2026-09-25T10:21:37Z,757.42,12.99754,77.63351,23.12,3.984,0
1310,2026-09-25T10:21:38Z,758.39,12.99756,77.63354,23.12,3.988,0
1311,2026-09-25T10:21:39Z,759.74,12.99758,77.63357,23.59,3.986,0
1312,2026-09-25T10:21:40Z,760.71,12.9976,77.6336,23.23,3.98,0
1313,2026-09-25T10:21:41Z,761.86,12.99762,77.63363,23.04,3.982,0
1314,2026-09-25T10:21:42Z,762.55,12.99764,77.63366,23.12,3.987,0
1315,2026-09-25T10:21:43Z,764.01,12.99766,77.63369,23.27,3.983,0
1316,2026-09-25T10:21:44Z,764.84,12.99768,77.63372,23.58,3.981,0
1317,2026-09-25T10:21:45Z,766.64,12.9977,77.63375,23.3,3.986,0
1318,2026-09-25T10:21:46Z,767.91,12.99772,77.63378,23.14,3.982,0
1319,2026-09-25T10:21:47Z,768.4,12.99774,77.63381,23.37,3.981,0
1320,2026-09-25T10:21:48Z,770.02,12.99776,77.63384,23.48,3.982,0
1321,2026-09-25T10:21:49Z,770.9,12.99778,77.63387,23.51,3.982,0
1322,2026-09-25T10:21:50Z,772.02,12.9978,77.6339,23.49,3.982,0
1323,2026-09-25T10:21:51Z,773.29,12.99782,77.63393,23.33,3.982,0
1324,2026-09-25T10:21:52Z,774.1,12.99784,77.63396,23.06,3.977,0
1325,2026-09-25T10:21:53Z,775.75,12.99786,77.63399,23.09,3.978,0
1326,2026-09-25T10:21:54Z,776.62,12.99788,77.63402,23.38,3.977,0
1327,2026-09-25T10:21:55Z,777.64,12.9979,77.63405,23.44,3.983,0
1328,2026-09-25T10:21:56Z,779.04,12.99792,77.63408,23.24,3.978,0
1329,2026-09-25T10:21:57Z,779.87,12.99794,77.63411,23.44,3.976,0
1330,2026-09-25T10:21:58Z,780.9,12.99796,77.63414,23.28,3.977,0
1331,2026-09-25T10:21:59Z,782.64,12.99798,77.63417,22.96,3.981,0
1332,2026-09-25T10:22:00Z,783.22,12.998,77.6342,23.08,3.977,0
1333,2026-09-25T10:22:01Z,785.27,12.99802,77.63423,23.29,3.981,0
1334,2026-09-25T10:22:02Z,785.49,12.99804,77.63426,23.36,3.982,0
1335,2026-09-25T10:22:03Z,786.9,12.99806,77.63429,22.97,3.979,0
1336,2026-09-25T10:22:04Z,788.77,12.99808,77.63432,23.44,3.976,0
1337,2026-09-25T10:22:05Z,789.76,12.9981,77.63435,23.28,3.982,0
1338,2026-09-25T10:22:06Z,790.91,12.99812,77.63438,23.02,3.981,0
1339,2026-09-25T10:22:07Z,791.5,12.99814,77.63441,23.34,3.977,0
1340,2026-09-25T10:22:08Z,792.85,12.99816,77.63444,23.25,3.976,0
1341,2026-09-25T10:22:09Z,793.95,12.99818,77.63447,22.97,3.976,0
1342,2026-09-25T10:22:10Z,795.57,12.9982,77.6345,23.2,3.977,0
1343,2026-09-25T10:22:11Z,796.02,12.99822,77.63453,22.95,3.978,0
1344,2026-09-25T10:22:12Z,797.64,12.99824,77.63456,22.91,3.981,0
1345,2026-09-25T10:22:13Z,798.69,12.99826,77.63459,22.96,3.978,0
1346,2026-09-25T10:22:14Z,799.48,12.99828,77.63462,23.24,3.981,0
1347,2026-09-25T10:22:15Z,801.41,12.9983,77.63465,23.34,3.979,0
1348,2026-09-25T10:22:16Z,802.19,12.99832,77.63468,23.1,3.972,0
1349,2026-09-25T10:22:17Z,803.36,12.99834,77.63471,23.01,3.98,0
1350,2026-09-25T10:22:18Z,804.79,12.99836,77.63474,23.1,3.978,0
1351,2026-09-25T10:22:19Z,805.9,12.99838,77.63477,23.32,3.979,0
1352,2026-09-25T10:22:20Z,806.42,12.9984,77.6348,22.94,3.977,0
1353,2026-09-25T10:22:21Z,807.72,12.99842,77.63483,23.38,3.975,0
1354,2026-09-25T10:22:22Z,809.53,12.99844,77.63486,23.1,3.973,0
1355,2026-09-25T10:22:23Z,810.53,12.99846,77.63489,23.32,3.977,0
1356,2026-09-25T10:22:24Z,811.1,12.99848,77.63492,22.85,3.978,0
1357,2026-09-25T10:22:25Z,812.84,12.9985,77.63495,23.03,3.975,0
1358,2026-09-25T10:22:26Z,813.46,12.99852,77.63498,23.23,3.974,0
1359,2026-09-25T10:22:27Z,815.33,12.99854,77.63501,23.09,3.975,0
1360,2026-09-25T10:22:28Z,815.93,12.99856,77.63504,23.24,3.978,0
1361,2026-09-25T10:22:29Z,817.23,12.99858,77.63507,23.3,3.975,0
1362,2026-09-25T10:22:30Z,818.36,12.9986,77.6351,23.15,3.973,0
1363,2026-09-25T10:22:31Z,819.47,12.99862,77.63513,23.03,3.977,0
1364,2026-09-25T10:22:32Z,821.07,12.99864,77.63516,23.33,3.977,0
1365,2026-09-25T10:22:33Z,822.25,12.99866,77.63519,23.08,3.977,0
1366,2026-09-25T10:22:34Z,822.83,12.99868,77.63522,22.94,3.973,0
1367,2026-09-25T10:22:35Z,824.18,12.9987,77.63525,23.14,3.976,0
1368,2026-09-25T10:22:36Z,825.72,12.99872,77.63528,22.9,3.979,0
1369,2026-09-25T10:22:37Z,826.2,12.99874,77.63531,22.85,3.97,0
1370,2026-09-25T10:22:38Z,828.29,12.99876,77.63534,23.06,3.97,0
1371,2026-09-25T10:22:39Z,828.75,12.99878,77.63537,22.84,3.969,0
1372,2026-09-25T10:22:40Z,830.09,12.9988,77.6354,23.38,3.974,0
1373,2026-09-25T10:22:41Z,831.4,12.99882,77.63543,23.22,3.974,0
1374,2026-09-25T10:22:42Z,833.01,12.99884,77.63546,23.27,3.974,0
1375,2026-09-25T10:22:43Z,833.67,12.99886,77.63549,22.9,3.975,0
1376,2026-09-25T10:22:44Z,835.21,12.99888,77.63552,22.94,3.968,0
1377,2026-09-25T10:22:45Z,836.19,12.9989,77.63555,23.08,3.97,0
1378,2026-09-25T10:22:46Z,836.94,12.99892,77.63558,22.79,3.969,0
1379,2026-09-25T10:22:47Z,837.95,12.99894,77.63561,22.85,3.977,0
1380,2026-09-25T10:22:48Z,839.9,12.99896,77.63564,22.97,3.971,0
1381,2026-09-25T10:22:49Z,840.89,12.99898,77.63567,23.07,3.974,0
1382,2026-09-25T10:22:50Z,841.55,12.999,77.6357,22.8,3.97,0
1383,2026-09-25T10:22:51Z,843.49,12.99902,77.63573,23.3,3.97,0
1384,2026-09-25T10:22:52Z,844.81,12.99904,77.63576,22.92,3.972,0
1385,2026-09-25T10:22:53Z,845.22,12.99906,77.63579,23.3,3.972,0
1386,2026-09-25T10:22:54Z,846.47,12.99908,77.63582,22.98,3.967,0
1387,2026-09-25T10:22:55Z,847.46,12.9991,77.63585,22.91,3.975,0
1388,2026-09-25T10:22:56Z,849.38,12.99912,77.63588,23.3,3.975,0
1389,2026-09-25T10:22:57Z,850.57,12.99914,77.63591,23.07,3.973,0
1390,2026-09-25T10:22:58Z,851.91,12.99916,77.63594,23.06,3.973,0
1391,2026-09-25T10:22:59Z,852.89,12.99918,77.63597,23.3,3.97,0
1392,2026-09-25T10:23:00Z,853.77,12.9992,77.636,23.07,3.965,0
1393,2026-09-25T10:23:01Z,854.62,12.99922,77.63603,22.75,3.971,0
1394,2026-09-25T10:23:02Z,856.68,12.99924,77.63606,23.12,3.967,0
1395,2026-09-25T10:23:03Z,857.2,12.99926,77.63609,23.28,3.97,0
1396,2026-09-25T10:23:04Z,858.07,12.99928,77.63612,23.2,3.966,0
1397,2026-09-25T10:23:05Z,859.34,12.9993,77.63615,23.1,3.972,0
1398,2026-09-25T10:23:06Z,860.52,12.99932,77.63618,23.26,3.969,0
1399,2026-09-25T10:23:07Z,861.98,12.99934,77.63621,23.23,3.967,0
1400,2026-09-25T10:23:07Z,861.98,12.99934,77.63621,23.33,3.966,0
1401,2026-09-25T10:23:08Z,863.77,12.99936,77.63624,23.1,3.973,0
1402,2026-09-25T10:23:09Z,864.51,12.99938,77.63627,22.8,3.971,0
1403,2026-09-25T10:23:10Z,866.07,12.9994,77.6363,22.8,3.965,0
1404,2026-09-25T10:23:11Z,866.64,12.99942,77.63633,23.05,3.965,0
1405,2026-09-25T10:23:12Z,867.69,12.99944,77.63636,23.22,3.97,0
1406,2026-09-25T10:23:13Z,869.44,12.99946,77.63639,23.04,3.971,0
1407,2026-09-25T10:23:14Z,870.51,12.99948,77.63642,22.7,3.968,0
1408,2026-09-25T10:23:15Z,871.78,12.9995,77.63645,22.96,3.973,0
1409,2026-09-25T10:23:16Z,873.26,12.99952,77.63648,23.18,3.967,0
1410,2026-09-25T10:23:16Z,873.26,12.99952,77.63648,23.28,3.966,0
1411,2026-09-25T10:23:17Z,874.53,12.99954,77.63651,23.21,3.965,0
1412,2026-09-25T10:23:18Z,874.97,12.99956,77.63654,23.0,3.963,0
1413,2026-09-25T10:23:19Z,876.75,12.99958,77.63657,22.94,3.967,0
1414,2026-09-25T10:23:20Z,877.64,12.9996,77.6366,22.88,3.969,0
1415,2026-09-25T10:23:21Z,878.51,12.99962,77.63663,23.23,3.969,0
1416,2026-09-25T10:23:22Z,880.0,12.99964,77.63666,23.05,3.961,0
1417,2026-09-25T10:23:23Z,880.94,12.99966,77.63669,22.98,3.964,0
1418,2026-09-25T10:23:24Z,882.54,12.99968,77.63672,22.79,3.966,0
1419,2026-09-25T10:23:25Z,883.37,12.9997,77.63675,22.91,3.967,0
1420,2026-09-25T10:23:26Z,884.7,12.99972,77.63678,22.92,3.963,0
1421,2026-09-25T10:23:27Z,886.23,12.99974,77.63681,22.84,3.97,0
1422,2026-09-25T10:23:28Z,887.01,12.99976,77.63684,22.73,3.961,0
1423,2026-09-25T10:23:29Z,888.51,12.99978,77.63687,22.75,3.961,0
1424,2026-09-25T10:23:30Z,889.41,12.9998,77.6369,22.75,3.964,0
1425,2026-09-25T10:23:31Z,890.72,12.99982,77.63693,22.69,3.97,0
1426,2026-09-25T10:23:32Z,891.69,12.99984,77.63696,23.08,3.962,0
1427,2026-09-25T10:23:33Z,893.25,12.99986,77.63699,23.2,3.968,0
1428,2026-09-25T10:23:34Z,894.47,12.99988,77.63702,23.02,3.967,0
1429,2026-09-25T10:23:35Z,895.45,12.9999,77.63705,22.93,3.965,0
1430,2026-09-25T10:23:36Z,896.76,12.99992,77.63708,23.0,3.96,0
1431,2026-09-25T10:23:37Z,898.38,12.99994,77.63711,22.87,3.965,0
1432,2026-09-25T10:23:38Z,899.22,12.99996,77.63714,22.78,3.963,0
1433,2026-09-25T10:23:39Z,900.54,12.99998,77.63717,23.14,3.962,0
1434,2026-09-25T10:23:40Z,901.21,13.0,77.6372,22.64,3.967,0
1435,2026-09-25T10:23:41Z,903.35,13.00002,77.63723,22.69,3.964,0
1436,2026-09-25T10:23:42Z,904.25,13.00004,77.63726,22.67,3.966,0
1437,2026-09-25T10:23:43Z,905.17,13.00006,77.63729,22.96,3.963,0
1438,2026-09-25T10:23:44Z,906.76,13.00008,77.63732,23.09,3.962,0
1439,2026-09-25T10:23:45Z,907.52,13.0001,77.63735,22.93,3.959,0
1440,2026-09-25T10:23:46Z,908.61,13.00012,77.63738,23.03,3.96,0
1441,2026-09-25T10:23:47Z,910.28,13.00014,77.63741,22.89,3.965,0
1442,2026-09-25T10:23:48Z,910.93,13.00016,77.63744,22.64,3.959,0
1443,2026-09-25T10:23:49Z,912.4,13.00018,77.63747,22.71,3.96,0
1444,2026-09-25T10:23:50Z,913.93,13.0002,77.6375,22.7,3.961,0
1445,2026-09-25T10:23:51Z,915.36,13.00022,77.63753,22.75,3.963,0
1446,2026-09-25T10:23:52Z,916.69,13.00024,77.63756,22.78,3.958,0
1447,2026-09-25T10:23:53Z,916.95,13.00026,77.63759,22.97,3.963,0
1448,2026-09-25T10:23:54Z,919.08,13.00028,77.63762,22.94,3.957,0
1449,2026-09-25T10:23:55Z,919.53,13.0003,77.63765,22.58,3.957,0
1450,2026-09-25T10:23:56Z,921.46,13.00032,77.63768,22.84,3.956,0
1451,2026-09-25T10:23:57Z,922.19,13.00034,77.63771,22.97,3.957,0
1452,2026-09-25T10:23:58Z,923.27,13.00036,77.63774,22.6,3.962,0
1453,2026-09-25T10:23:59Z,925.12,13.00038,77.63777,22.69,3.957,0
1454,2026-09-25T10:24:00Z,925.73,13.0004,77.6378,22.88,3.956,0
1455,2026-09-25T10:24:01Z,927.5,13.00042,77.63783,22.52,3.962,0
1456,2026-09-25T10:24:02Z,928.74,13.00044,77.63786,22.69,3.96,0
1457,2026-09-25T10:24:03Z,930.07,13.00046,77.63789,22.81,3.958,0
1458,2026-09-25T10:24:04Z,930.76,13.00048,77.63792,23.07,3.961,0
1459,2026-09-25T10:24:05Z,931.72,13.0005,77.63795,22.84,3.96,0
1460,2026-09-25T10:24:06Z,933.41,13.00052,77.63798,22.82,3.959,0
1461,2026-09-25T10:24:07Z,934.63,13.00054,77.63801,22.66,3.957,0
1462,2026-09-25T10:24:08Z,935.75,13.00056,77.63804,22.95,3.958,0
1463,2026-09-25T10:24:09Z,936.8,13.00058,77.63807,22.63,3.957,0
1464,2026-09-25T10:24:10Z,937.66,13.0006,77.6381,22.95,3.961,0
1465,2026-09-25T10:24:11Z,939.22,13.00062,77.63813,22.74,3.953,0
1466,2026-09-25T10:24:12Z,941.02,13.00064,77.63816,23.03,3.958,0
1467,2026-09-25T10:24:13Z,941.34,13.00066,77.63819,22.71,3.956,0
1468,2026-09-25T10:24:14Z,942.78,13.00068,77.63822,22.45,3.957,0
1469,2026-09-25T10:24:15Z,944.19,13.0007,77.63825,22.79,3.957,0
1470,2026-09-25T10:24:16Z,945.17,13.00072,77.63828,22.88,3.956,0
1471,2026-09-25T10:24:17Z,946.61,13.00074,77.63831,22.6,3.956,0
1472,2026-09-25T10:24:18Z,947.7,13.00076,77.63834,22.89,3.961,0
1473,2026-09-25T10:24:19Z,949.5,13.00078,77.63837,22.84,3.955,0
1474,2026-09-25T10:24:20Z,950.66,13.0008,77.6384,22.92,3.956,0
1475,2026-09-25T10:24:21Z,952.0,13.00082,77.63843,22.53,3.955,0
1476,2026-09-25T10:24:22Z,953.02,13.00084,77.63846,22.79,3.954,0
1477,2026-09-25T10:24:22Z,953.02,13.00084,77.63846,22.89,3.953,0
1478,2026-09-25T10:24:23Z,954.23,13.00086,77.63849,22.53,3.951,0
1479,2026-09-25T10:24:24Z,954.89,13.00088,77.63852,22.73,3.953,0
1480,2026-09-25T10:24:25Z,956.17,13.0009,77.63855,22.57,3.958,0
1481,2026-09-25T10:24:26Z,958.03,13.00092,77.63858,22.55,3.953,0
1482,2026-09-25T10:24:27Z,959.02,13.00094,77.63861,22.61,3.954,0
1483,2026-09-25T10:24:28Z,960.57,13.00096,77.63864,23.0,3.955,0
1484,2026-09-25T10:24:29Z,961.79,13.00098,77.63867,22.6,3.958,0
1485,2026-09-25T10:24:30Z,963.19,13.001,77.6387,22.42,3.958,0
1486,2026-09-25T10:24:31Z,963.54,13.00102,77.63873,22.67,3.952,0
1487,2026-09-25T10:24:32Z,965.54,13.00104,77.63876,22.87,3.958,0
1488,2026-09-25T10:24:33Z,966.06,13.00106,77.63879,22.84,3.952,0
1489,2026-09-25T10:24:34Z,967.95,13.00108,77.63882,22.65,3.956,0
1490,2026-09-25T10:24:35Z,968.44,13.0011,77.63885,22.65,3.957,0
1491,2026-09-25T10:24:36Z,970.17,13.00112,77.63888,22.96,3.954,0
1492,2026-09-25T10:24:37Z,971.57,13.00114,77.63891,22.56,3.952,0
1493,2026-09-25T10:24:38Z,972.76,13.00116,77.63894,22.39,3.958,0
1494,2026-09-25T10:24:39Z,973.89,13.00118,77.63897,22.51,3.955,0
1495,2026-09-25T10:24:40Z,974.8,13.0012,77.639,22.89,3.957,0
1496,2026-09-25T10:24:41Z,976.06,13.00122,77.63903,22.42,3.954,0
1497,2026-09-25T10:24:42Z,977.4,13.00124,77.63906,22.45,3.951,0
1498,2026-09-25T10:24:43Z,978.45,13.00126,77.63909,22.81,3.948,0
1499,2026-09-25T10:24:44Z,979.61,13.00128,77.63912,22.81,3.953,0
1500,2026-09-25T10:24:45Z,981.41,13.0013,77.63915,22.56,3.949,0
1501,2026-09-25T10:24:46Z,982.21,13.00132,77.63918,22.38,3.953,0
1502,2026-09-25T10:24:47Z,984.22,13.00134,77.63921,22.93,3.953,0
1503,2026-09-25T10:24:48Z,984.6,13.00136,77.63924,22.72,3.954,0
1504,2026-09-25T10:24:49Z,986.57,13.00138,77.63927,22.4,3.949,0
1505,2026-09-25T10:24:50Z,988.01,13.0014,77.6393,22.79,3.955,0
1506,2026-09-25T10:24:51Z,989.08,13.00142,77.63933,22.58,3.949,0
1507,2026-09-25T10:24:52Z,990.21,13.00144,77.63936,22.52,3.947,0
1508,2026-09-25T10:24:53Z,991.66,13.00146,77.63939,22.6,3.95,0
1509,2026-09-25T10:24:54Z,992.3,13.00148,77.63942,22.73,3.948,0
1510,2026-09-25T10:24:55Z,993.45,13.0015,77.63945,22.51,3.953,0
1511,2026-09-25T10:24:56Z,994.78,13.00152,77.63948,22.8,3.955,0
1512,2026-09-25T10:24:57Z,996.3,13.00154,77.63951,22.33,3.948,0
1513,2026-09-25T10:24:58Z,997.3,13.00156,77.63954,22.45,3.949,0
1514,2026-09-25T10:24:59Z,998.25,13.00158,77.63957,22.67,3.949,0
1515,2026-09-25T10:25:00Z,999.69,13.0016,77.6396,22.29,3.954,0
1516,2026-09-25T10:25:01Z,995.55,13.00162,77.63963,22.42,3.952,0
1517,2026-09-25T10:25:02Z,992.48,13.00164,77.63966,22.6,3.949,0
1518,2026-09-25T10:25:03Z,989.82,13.00166,77.63969,22.57,3.951,0
1519,2026-09-25T10:25:04Z,987.64,13.00168,77.63972,22.46,3.95,0
1520,2026-09-25T10:25:05Z,985.03,13.0017,77.63975,22.58,3.945,0
1521,2026-09-25T10:25:06Z,983.78,13.00172,77.63978,22.34,3.953,0
1522,2026-09-25T10:25:07Z,981.25,13.00174,77.63981,22.55,3.945,0
1523,2026-09-25T10:25:08Z,979.81,13.00176,77.63984,22.75,3.951,0
1524,2026-09-25T10:25:09Z,978.03,13.00178,77.63987,22.67,3.947,0
1525,2026-09-25T10:25:10Z,976.19,13.0018,77.6399,22.61,3.944,0
1526,2026-09-25T10:25:11Z,975.11,13.00182,77.63993,22.37,3.948,0
1527,2026-09-25T10:25:12Z,973.48,13.00184,77.63996,22.29,3.951,0
1528,2026-09-25T10:25:13Z,971.1,13.00186,77.63999,22.57,3.952,0
1529,2026-09-25T10:25:14Z,969.95,13.00188,77.64002,22.45,3.95,0
1530,2026-09-25T10:25:15Z,968.86,13.0019,77.64005,22.39,3.943,0
1531,2026-09-25T10:25:16Z,966.66,13.00192,77.64008,22.41,3.951,0
1532,2026-09-25T10:25:17Z,966.12,13.00194,77.64011,22.28,3.949,0
1533,2026-09-25T10:25:18Z,964.29,13.00196,77.64014,22.33,3.947,0
1534,2026-09-25T10:25:19Z,962.63,13.00198,77.64017,22.59,3.944,0
1535,2026-09-25T10:25:20Z,961.78,13.002,77.6402,22.46,3.943,0
1536,2026-09-25T10:25:21Z,960.33,13.00202,77.64023,22.42,3.947,0
1537,2026-09-25T10:25:22Z,959.04,13.00204,77.64026,22.73,3.943,0
1538,2026-09-25T10:25:23Z,957.25,13.00206,77.64029,22.44,3.944,0
1539,2026-09-25T10:25:24Z,955.95,13.00208,77.64032,22.8,3.945,0
1540,2026-09-25T10:25:25Z,954.87,13.0021,77.64035,22.38,3.951,0
1541,2026-09-25T10:25:26Z,953.59,13.00212,77.64038,22.41,3.949,0
1542,2026-09-25T10:25:27Z,952.46,13.00214,77.64041,22.63,3.947,0
1543,2026-09-25T10:25:28Z,951.37,13.00216,77.64044,22.31,3.948,0
1544,2026-09-25T10:25:29Z,950.53,13.00218,77.64047,22.33,3.95,0
1545,2026-09-25T10:25:30Z,948.85,13.0022,77.6405,22.42,3.947,0
1546,2026-09-25T10:25:31Z,948.19,13.00222,77.64053,22.53,3.945,0
1547,2026-09-25T10:25:32Z,947.03,13.00224,77.64056,22.35,3.943,0
1548,2026-09-25T10:25:33Z,945.09,13.00226,77.64059,22.67,3.94,0
1549,2026-09-25T10:25:34Z,944.54,13.00228,77.64062,22.57,3.942,0
1550,2026-09-25T10:25:35Z,943.13,13.0023,77.64065,22.49,3.948,0
1551,2026-09-25T10:25:36Z,941.59,13.00232,77.64068,22.17,3.943,0
1552,2026-09-25T10:25:37Z,940.46,13.00234,77.64071,22.37,3.945,0
1553,2026-09-25T10:25:38Z,939.43,13.00236,77.64074,22.64,3.94,0
1554,2026-09-25T10:25:39Z,938.5,13.00238,77.64077,22.69,3.946,0
1555,2026-09-25T10:25:40Z,937.72,13.0024,77.6408,22.62,3.94,0
1556,2026-09-25T10:25:41Z,936.74,13.00242,77.64083,22.55,3.944,0
1557,2026-09-25T10:25:42Z,935.74,13.00244,77.64086,22.49,3.941,0
1558,2026-09-25T10:25:43Z,934.48,13.00246,77.64089,22.48,3.939,0
1559,2026-09-25T10:25:44Z,932.75,13.00248,77.64092,22.58,3.941,0
1560,2026-09-25T10:25:45Z,932.45,13.0025,77.64095,22.37,3.947,0
1561,2026-09-25T10:25:46Z,931.44,13.00252,77.64098,22.26,3.944,0
1562,2026-09-25T10:25:47Z,930.13,13.00254,77.64101,22.12,3.945,0
1563,2026-09-25T10:25:48Z,928.87,13.00256,77.64104,22.29,3.937,0
1564,2026-09-25T10:25:49Z,928.0,13.00258,77.64107,22.2,3.942,0
1565,2026-09-25T10:25:50Z,926.65,13.0026,77.6411,22.13,3.944,0
1566,2026-09-25T10:25:51Z,925.8,13.00262,77.64113,22.37,3.943,0
1567,2026-09-25T10:25:52Z,924.9,13.00264,77.64116,22.23,3.939,0
1568,2026-09-25T10:25:53Z,923.78,13.00266,77.64119,22.17,3.937,0
1569,2026-09-25T10:25:54Z,922.96,13.00268,77.64122,22.12,3.94,0
1570,2026-09-25T10:25:55Z,921.48,13.0027,77.64125,22.38,3.944,0
1571,2026-09-25T10:25:56Z,920.53,13.00272,77.64128,22.16,3.942,0
1572,2026-09-25T10:25:57Z,919.9,13.00274,77.64131,22.47,3.938,0
1573,2026-09-25T10:25:58Z,919.05,13.00276,77.64134,22.51,3.937,0
1574,2026-09-25T10:25:59Z,917.53,13.00278,77.64137,22.54,3.938,0
1575,2026-09-25T10:26:00Z,917.41,13.0028,77.6414,22.12,3.942,0
1576,2026-09-25T10:26:01Z,915.94,13.00282,77.64143,22.27,3.938,0
1577,2026-09-25T10:26:02Z,915.15,13.00284,77.64146,22.07,3.938,0
1578,2026-09-25T10:26:03Z,914.59,13.00286,77.64149,22.43,3.945,0
1579,2026-09-25T10:26:04Z,913.09,13.00288,77.64152,22.14,3.934,0
1580,2026-09-25T10:26:05Z,912.52,13.0029,77.64155,22.17,3.938,0
1581,2026-09-25T10:26:06Z,911.52,13.00292,77.64158,22.55,3.935,0
1582,2026-09-25T10:26:07Z,909.87,13.00294,77.64161,22.61,3.943,0
1583,2026-09-25T10:26:08Z,909.75,13.00296,77.64164,22.53,3.934,0
1584,2026-09-25T10:26:09Z,908.64,13.00298,77.64167,22.1,3.939,0
1585,2026-09-25T10:26:10Z,907.05,13.003,77.6417,22.16,3.938,0
1586,2026-09-25T10:26:11Z,906.3,13.00302,77.64173,22.34,3.936,0
1587,2026-09-25T10:26:12Z,905.67,13.00304,77.64176,22.46,3.934,0
1588,2026-09-25T10:26:13Z,904.97,13.00306,77.64179,22.03,3.939,0
1589,2026-09-25T10:26:14Z,904.02,13.00308,77.64182,22.05,3.935,0
1590,2026-09-25T10:26:15Z,902.73,13.0031,77.64185,22.48,3.939,0
1591,2026-09-25T10:26:16Z,901.6,13.00312,77.64188,22.4,3.932,0
1592,2026-09-25T10:26:17Z,901.04,13.00314,77.64191,22.17,3.941,0
1593,2026-09-25T10:26:18Z,900.41,13.00316,77.64194,22.52,3.932,0
1594,2026-09-25T10:26:19Z,899.73,13.00318,77.64197,22.39,3.934,0
1595,2026-09-25T10:26:20Z,898.35,13.0032,77.642,22.58,3.933,0
1596,2026-09-25T10:26:21Z,897.4,13.00322,77.64203,22.51,3.937,0
1597,2026-09-25T10:26:22Z,896.39,13.00324,77.64206,22.29,3.936,0
1598,2026-09-25T10:26:23Z,896.25,13.00326,77.64209,21.99,3.933,0
1599,2026-09-25T10:26:24Z,894.97,13.00328,77.64212,22.18,3.935,0
1600,2026-09-25T10:26:25Z,893.72,13.0033,77.64215,22.19,3.935,0
1601,2026-09-25T10:26:26Z,893.32,13.00332,77.64218,22.11,3.941,0
1602,2026-09-25T10:26:27Z,892.33,13.00334,77.64221,22.46,3.937,0
1603,2026-09-25T10:26:28Z,891.84,13.00336,77.64224,22.5,3.938,0
1604,2026-09-25T10:26:29Z,890.13,13.00338,77.64227,22.29,3.933,0
1605,2026-09-25T10:26:30Z,889.39,13.0034,77.6423,22.5,3.937,0
1606,2026-09-25T10:26:31Z,888.47,13.00342,77.64233,22.18,3.94,0
1607,2026-09-25T10:26:32Z,888.14,13.00344,77.64236,22.33,3.932,0
1608,2026-09-25T10:26:33Z,886.92,13.00346,77.64239,22.04,3.94,0
1609,2026-09-25T10:26:34Z,886.74,13.00348,77.64242,22.14,3.934,0
1610,2026-09-25T10:26:35Z,885.2,13.0035,77.64245,22.02,3.934,0
1611,2026-09-25T10:26:36Z,884.95,13.00352,77.64248,22.46,3.932,0
1612,2026-09-25T10:26:37Z,884.02,13.00354,77.64251,22.24,3.93,0
1613,2026-09-25T10:26:38Z,883.47,13.00356,77.64254,22.52,3.93,0
1614,2026-09-25T10:26:39Z,882.56,13.00358,77.64257,22.48,3.931,0
1615,2026-09-25T10:26:40Z,881.36,13.0036,77.6426,22.49,3.929,0
1616,2026-09-25T10:26:40Z,881.36,13.0036,77.6426,22.59,3.928,0
1617,2026-09-25T10:26:41Z,880.29,13.00362,77.64263,22.45,3.935,0
1618,2026-09-25T10:26:42Z,879.91,13.00364,77.64266,22.44,3.932,0
1619,2026-09-25T10:26:43Z,878.73,13.00366,77.64269,22.18,3.937,0
1620,2026-09-25T10:26:44Z,878.39,13.00368,77.64272,22.47,3.931,0
1621,2026-09-25T10:26:45Z,877.46,13.0037,77.64275,21.96,3.93,0
1622,2026-09-25T10:26:46Z,876.62,13.00372,77.64278,22.27,3.93,0
1623,2026-09-25T10:26:47Z,875.61,13.00374,77.64281,22.04,3.929,0
1624,2026-09-25T10:26:48Z,874.92,13.00376,77.64284,22.11,3.934,0
1625,2026-09-25T10:26:49Z,873.9,13.00378,77.64287,22.19,3.933,0
1626,2026-09-25T10:26:50Z,873.32,13.0038,77.6429,22.11,3.936,0
1627,2026-09-25T10:26:51Z,872.3,13.00382,77.64293,21.96,3.929,0
1628,2026-09-25T10:26:52Z,871.03,13.00384,77.64296,22.34,3.926,0
1629,2026-09-25T10:26:53Z,870.47,13.00386,77.64299,22.13,3.933,0
1630,2026-09-25T10:26:54Z,870.39,13.00388,77.64302,22.32,3.927,0
1631,2026-09-25T10:26:55Z,869.53,13.0039,77.64305,22.46,3.935,0
1632,2026-09-25T10:26:56Z,868.3,13.00392,77.64308,22.05,3.931,0
1633,2026-09-25T10:26:57Z,867.26,13.00394,77.64311,22.1,3.926,0
1634,2026-09-25T10:26:58Z,866.96,13.00396,77.64314,22.09,3.928,0
1635,2026-09-25T10:26:59Z,866.04,13.00398,77.64317,22.3,3.931,0
1636,2026-09-25T10:27:00Z,865.17,13.004,77.6432,22.38,3.933,0
1637,2026-09-25T10:27:01Z,864.38,13.00402,77.64323,22.12,3.933,0
1638,2026-09-25T10:27:02Z,863.11,13.00404,77.64326,22.44,3.93,0
1639,2026-09-25T10:27:03Z,862.69,13.00406,77.64329,22.28,3.93,0
1640,2026-09-25T10:27:04Z,862.03,13.00408,77.64332,22.22,3.924,0
1641,2026-09-25T10:27:05Z,861.02,13.0041,77.64335,22.07,3.927,0
1642,2026-09-25T10:27:06Z,860.79,13.00412,77.64338,22.11,3.928,0
1643,2026-09-25T10:27:07Z,859.79,13.00414,77.64341,21.85,3.929,0
1644,2026-09-25T10:27:08Z,858.55,13.00416,77.64344,22.32,3.929,0
1645,2026-09-25T10:27:09Z,858.36,13.00418,77.64347,21.89,3.932,0
1646,2026-09-25T10:27:10Z,857.81,13.0042,77.6435,22.23,3.924,0
1647,2026-09-25T10:27:11Z,856.51,13.00422,77.64353,22.08,3.925,0
1648,2026-09-25T10:27:12Z,855.93,13.00424,77.64356,22.24,3.925,0
1649,2026-09-25T10:27:13Z,855.03,13.00426,77.64359,21.95,3.93,0
1650,2026-09-25T10:27:14Z,854.72,13.00428,77.64362,22.28,3.93,0
1651,2026-09-25T10:27:15Z,853.17,13.0043,77.64365,21.87,3.927,0
1652,2026-09-25T10:27:16Z,852.65,13.00432,77.64368,22.1,3.926,0
1653,2026-09-25T10:27:17Z,852.33,13.00434,77.64371,22.1,3.931,0
1654,2026-09-25T10:27:18Z,851.16,13.00436,77.64374,22.02,3.93,0
1655,2026-09-25T10:27:19Z,850.94,13.00438,77.64377,22.12,3.929,0
1656,2026-09-25T10:27:20Z,849.43,13.0044,77.6438,22.3,3.924,0
1657,2026-09-25T10:27:21Z,849.24,13.00442,77.64383,22.02,3.925,0
1658,2026-09-25T10:27:22Z,848.55,13.00444,77.64386,22.04,3.927,0
1659,2026-09-25T10:27:23Z,847.15,13.00446,77.64389,21.85,3.923,0
1660,2026-09-25T10:27:24Z,846.91,13.00448,77.64392,21.91,3.926,0
1661,2026-09-25T10:27:25Z,846.4,13.0045,77.64395,22.09,3.921,0
1662,2026-09-25T10:27:26Z,845.68,13.00452,77.64398,21.9,3.927,0
1663,2026-09-25T10:27:27Z,844.54,13.00454,77.64401,22.0,3.922,0
1664,2026-09-25T10:27:28Z,843.92,13.00456,77.64404,21.9,3.925,0
1665,2026-09-25T10:27:29Z,843.2,13.00458,77.64407,22.08,3.928,0
1666,2026-09-25T10:27:30Z,841.89,13.0046,77.6441,21.83,3.927,0
1667,2026-09-25T10:27:31Z,841.15,13.00462,77.64413,22.25,3.927,0
1668,2026-09-25T10:27:32Z,841.22,13.00464,77.64416,21.91,3.929,0
1669,2026-09-25T10:27:33Z,839.69,13.00466,77.64419,21.98,3.922,0
1670,2026-09-25T10:27:34Z,839.58,13.00468,77.64422,22.1,3.926,0
1671,2026-09-25T10:27:35Z,838.77,13.0047,77.64425,22.19,3.921,0
1672,2026-09-25T10:27:36Z,837.92,13.00472,77.64428,22.07,3.928,0
1673,2026-09-25T10:27:37Z,836.82,13.00474,77.64431,21.9,3.923,0
1674,2026-09-25T10:27:38Z,836.38,13.00476,77.64434,21.75,3.923,0
1675,2026-09-25T10:27:39Z,835.83,13.00478,77.64437,21.89,3.92,0
1676,2026-09-25T10:27:40Z,835.25,13.0048,77.6444,21.87,3.923,0
1677,2026-09-25T10:27:41Z,834.36,13.00482,77.64443,22.12,3.924,0
1678,2026-09-25T10:27:42Z,833.23,13.00484,77.64446,22.14,3.924,0
1679,2026-09-25T10:27:43Z,833.39,13.00486,77.64449,21.98,3.925,0
1680,2026-09-25T10:27:44Z,832.61,13.00488,77.64452,22.28,3.921,0
1681,2026-09-25T10:27:45Z,831.58,13.0049,77.64455,21.88,3.923,0
1682,2026-09-25T10:27:46Z,831.25,13.00492,77.64458,21.89,3.918,0
1683,2026-09-25T10:27:47Z,830.1,13.00494,77.64461,21.99,3.923,0
1684,2026-09-25T10:27:48Z,829.32,13.00496,77.64464,21.79,3.923,0
1685,2026-09-25T10:27:49Z,828.83,13.00498,77.64467,22.26,3.917,0
1686,2026-09-25T10:27:50Z,827.43,13.005,77.6447,22.05,3.918,0
1687,2026-09-25T10:27:51Z,827.55,13.00502,77.64473,22.15,3.926,0
1688,2026-09-25T10:27:52Z,826.4,13.00504,77.64476,21.86,3.922,0
1689,2026-09-25T10:27:53Z,825.93,13.00506,77.64479,21.67,3.918,0
1690,2026-09-25T10:27:54Z,824.86,13.00508,77.64482,22.12,3.919,0
1691,2026-09-25T10:27:55Z,824.39,13.0051,77.64485,21.84,3.916,0
1692,2026-09-25T10:27:56Z,823.87,13.00512,77.64488,21.85,3.923,0
1693,2026-09-25T10:27:57Z,823.1,13.00514,77.64491,21.66,3.918,0
1694,2026-09-25T10:27:58Z,822.11,13.00516,77.64494,21.84,3.922,0
1695,2026-09-25T10:27:59Z,822.0,13.00518,77.64497,22.12,3.921,0
1696,2026-09-25T10:28:00Z,820.86,13.0052,77.645,22.01,3.924,0
1697,2026-09-25T10:28:01Z,820.23,13.00522,77.64503,21.83,3.923,0
1698,2026-09-25T10:28:02Z,819.4,13.00524,77.64506,22.08,3.923,0
1699,2026-09-25T10:28:03Z,818.6,13.00526,77.64509,22.05,3.918,0
1700,2026-09-25T10:28:04Z,818.15,13.00528,77.64512,21.74,3.921,0
1701,2026-09-25T10:28:05Z,817.71,13.0053,77.64515,22.15,3.918,0
1702,2026-09-25T10:28:06Z,817.19,13.00532,77.64518,21.78,3.914,0
1703,2026-09-25T10:28:07Z,816.51,13.00534,77.64521,21.99,3.922,0
1704,2026-09-25T10:28:08Z,815.42,13.00536,77.64524,21.83,3.92,0
1705,2026-09-25T10:28:09Z,815.02,13.00538,77.64527,22.05,3.921,0
1706,2026-09-25T10:28:10Z,813.78,13.0054,77.6453,21.62,3.917,0
1707,2026-09-25T10:28:11Z,813.29,13.00542,77.64533,21.73,3.918,0
1708,2026-09-25T10:28:12Z,813.06,13.00544,77.64536,21.72,3.916,0
1709,2026-09-25T10:28:13Z,811.53,13.00546,77.64539,22.06,3.921,0
1710,2026-09-25T10:28:14Z,811.65,13.00548,77.64542,21.85,3.913,0
1711,2026-09-25T10:28:15Z,810.54,13.0055,77.64545,21.88,3.915,0
1712,2026-09-25T10:28:16Z,810.3,13.00552,77.64548,22.02,3.917,0
1713,2026-09-25T10:28:17Z,809.48,13.00554,77.64551,21.66,3.921,0
1714,2026-09-25T10:28:18Z,808.84,13.00556,77.64554,22.13,3.919,0
1715,2026-09-25T10:28:19Z,807.48,13.00558,77.64557,21.99,3.917,0
1716,2026-09-25T10:28:20Z,807.38,13.0056,77.6456,21.87,3.912,0
1717,2026-09-25T10:28:21Z,806.93,13.00562,77.64563,21.97,3.918,0
1718,2026-09-25T10:28:22Z,805.42,13.00564,77.64566,21.83,3.911,0
1719,2026-09-25T10:28:23Z,805.17,13.00566,77.64569,21.95,3.914,0
1720,2026-09-25T10:28:24Z,804.56,13.00568,77.64572,21.74,3.92,0
1721,2026-09-25T10:28:25Z,803.63,13.0057,77.64575,21.66,3.914,0
1722,2026-09-25T10:28:26Z,802.96,13.00572,77.64578,21.8,3.912,0
1723,2026-09-25T10:28:27Z,802.12,13.00574,77.64581,21.7,3.911,0
1724,2026-09-25T10:28:28Z,801.93,13.00576,77.64584,21.84,3.912,0
1725,2026-09-25T10:28:29Z,800.99,13.00578,77.64587,21.72,3.911,0
1726,2026-09-25T10:28:30Z,800.67,13.0058,77.6459,21.69,3.912,0
1727,2026-09-25T10:28:31Z,799.38,13.00582,77.64593,21.89,3.913,0
1728,2026-09-25T10:28:32Z,799.09,13.00584,77.64596,21.6,3.915,0
1729,2026-09-25T10:28:33Z,798.66,13.00586,77.64599,21.57,3.911,0
1730,2026-09-25T10:28:34Z,797.75,13.00588,77.64602,21.62,3.915,0
1731,2026-09-25T10:28:35Z,797.25,13.0059,77.64605,22.01,3.916,0
1732,2026-09-25T10:28:36Z,796.62,13.00592,77.64608,21.69,3.917,0
1733,2026-09-25T10:28:37Z,796.05,13.00594,77.64611,21.9,3.914,0
1734,2026-09-25T10:28:38Z,795.65,13.00596,77.64614,21.95,3.914,0
1735,2026-09-25T10:28:39Z,794.16,13.00598,77.64617,21.98,3.917,0
1736,2026-09-25T10:28:40Z,793.84,13.006,77.6462,21.76,3.915,0
1737,2026-09-25T10:28:41Z,793.42,13.00602,77.64623,21.77,3.91,0
1738,2026-09-25T10:28:42Z,792.28,13.00604,77.64626,22.0,3.914,0
1739,2026-09-25T10:28:43Z,792.32,13.00606,77.64629,21.72,3.915,0
1740,2026-09-25T10:28:44Z,791.42,13.00608,77.64632,21.94,3.917,0
1741,2026-09-25T10:28:45Z,790.55,13.0061,77.64635,21.49,3.913,0
1742,2026-09-25T10:28:46Z,789.8,13.00612,77.64638,21.75,3.909,0
1743,2026-09-25T10:28:47Z,789.57,13.00614,77.64641,21.82,3.908,0
1744,2026-09-25T10:28:48Z,788.25,13.00616,77.64644,21.95,3.915,0
1745,2026-09-25T10:28:49Z,787.83,13.00618,77.64647,21.85,3.915,0
1746,2026-09-25T10:28:50Z,787.38,13.0062,77.6465,21.69,3.911,0
1747,2026-09-25T10:28:51Z,786.83,13.00622,77.64653,21.78,3.917,0
1748,2026-09-25T10:28:52Z,785.94,13.00624,77.64656,21.65,3.914,0
1749,2026-09-25T10:28:53Z,785.51,13.00626,77.64659,21.91,3.91,0
1750,2026-09-25T10:28:54Z,785.06,13.00628,77.64662,21.77,3.908,0
1751,2026-09-25T10:28:55Z,784.29,13.0063,77.64665,21.48,3.915,0
1752,2026-09-25T10:28:56Z,783.56,13.00632,77.64668,21.72,3.912,0
1753,2026-09-25T10:28:57Z,782.8,13.00634,77.64671,21.76,3.914,0
1754,2026-09-25T10:28:58Z,781.88,13.00636,77.64674,21.99,3.906,0
1755,2026-09-25T10:28:59Z,781.17,13.00638,77.64677,21.91,3.913,0
1756,2026-09-25T10:29:00Z,780.8,13.0064,77.6468,21.72,3.912,0
1757,2026-09-25T10:29:01Z,779.88,13.00642,77.64683,21.9,3.914,0
1758,2026-09-25T10:29:02Z,780.05,13.00644,77.64686,21.79,3.905,0
1759,2026-09-25T10:29:03Z,778.66,13.00646,77.64689,21.5,3.91,0
1760,2026-09-25T10:29:04Z,778.26,13.00648,77.64692,21.75,3.906,0
1761,2026-09-25T10:29:05Z,777.92,13.0065,77.64695,21.59,3.91,0
1762,2026-09-25T10:29:06Z,777.51,13.00652,77.64698,21.58,3.913,0
1763,2026-09-25T10:29:07Z,776.4,13.00654,77.64701,21.98,3.907,0
1764,2026-09-25T10:29:08Z,775.43,13.00656,77.64704,21.39,3.914,0
1765,2026-09-25T10:29:09Z,775.11,13.00658,77.64707,21.46,3.907,0
1766,2026-09-25T10:29:10Z,774.44,13.0066,77.6471,21.71,3.904,0
1767,2026-09-25T10:29:11Z,774.14,13.00662,77.64713,21.87,3.907,0
1768,2026-09-25T10:29:11Z,774.14,13.00662,77.64713,21.97,3.906,0
1769,2026-09-25T10:29:12Z,773.67,13.00664,77.64716,21.89,3.905,0
1770,2026-09-25T10:29:13Z,772.88,13.00666,77.64719,21.61,3.906,0
1771,2026-09-25T10:29:14Z,771.93,13.00668,77.64722,21.6,3.908,0
1772,2026-09-25T10:29:15Z,771.59,13.0067,77.64725,21.64,3.905,0
1773,2026-09-25T10:29:16Z,770.68,13.00672,77.64728,21.91,3.91,0
1774,2026-09-25T10:29:17Z,769.82,13.00674,77.64731,21.96,3.909,0
1775,2026-09-25T10:29:18Z,769.18,13.00676,77.64734,21.39,3.902,0
1776,2026-09-25T10:29:19Z,769.14,13.00678,77.64737,21.64,3.906,0
1777,2026-09-25T10:29:20Z,768.79,13.0068,77.6474,21.39,3.908,0
1778,2026-09-25T10:29:21Z,767.6,13.00682,77.64743,21.61,3.91,0
1779,2026-09-25T10:29:22Z,767.15,13.00684,77.64746,21.6,3.903,0
1780,2026-09-25T10:29:23Z,766.44,13.00686,77.64749,21.66,3.906,0
1781,2026-09-25T10:29:24Z,765.67,13.00688,77.64752,21.44,3.907,0
1782,2026-09-25T10:29:25Z,765.27,13.0069,77.64755,21.84,3.903,0
1783,2026-09-25T10:29:26Z,764.57,13.00692,77.64758,21.57,3.906,0
1784,2026-09-25T10:29:27Z,763.82,13.00694,77.64761,21.91,3.906,0
1785,2026-09-25T10:29:28Z,763.53,13.00696,77.64764,21.39,3.905,0
1786,2026-09-25T10:29:29Z,762.9,13.00698,77.64767,21.4,3.907,0
1787,2026-09-25T10:29:30Z,762.58,13.007,77.6477,21.9,3.908,0
1788,2026-09-25T10:29:31Z,761.44,13.00702,77.64773,21.35,3.909,0
1789,2026-09-25T10:29:32Z,760.45,13.00704,77.64776,21.58,3.907,0
1790,2026-09-25T10:29:33Z,760.71,13.00706,77.64779,21.35,3.906,0
1791,2026-09-25T10:29:34Z,759.93,13.00708,77.64782,21.48,3.9,0
1792,2026-09-25T10:29:35Z,758.86,13.0071,77.64785,21.76,3.904,0
1793,2026-09-25T10:29:36Z,758.42,13.00712,77.64788,21.57,3.906,0
1794,2026-09-25T10:29:37Z,757.72,13.00714,77.64791,21.86,3.907,0
1795,2026-09-25T10:29:38Z,756.97,13.00716,77.64794,21.3,3.908,0
1796,2026-09-25T10:29:39Z,756.82,13.00718,77.64797,21.72,3.905,0
1797,2026-09-25T10:29:40Z,755.52,13.0072,77.648,21.55,3.9,0
1798,2026-09-25T10:29:41Z,754.9,13.00722,77.64803,21.86,3.906,0
1799,2026-09-25T10:29:42Z,754.86,13.00724,77.64806,21.44,3.899,0
1800,2026-09-25T10:29:43Z,754.14,13.00726,77.64809,21.77,3.901,0
1801,2026-09-25T10:29:44Z,753.16,13.00728,77.64812,21.43,3.907,0
1802,2026-09-25T10:29:45Z,752.43,13.0073,77.64815,21.32,3.9,0
1803,2026-09-25T10:29:46Z,752.4,13.00732,77.64818,21.34,3.901,0
1804,2026-09-25T10:29:47Z,752.02,13.00734,77.64821,21.41,3.904,0
1805,2026-09-25T10:29:48Z,751.08,13.00736,77.64824,21.72,3.906,0
1806,2026-09-25T10:29:49Z,750.34,13.00738,77.64827,21.29,3.898,0
1807,2026-09-25T10:29:50Z,750.32,13.0074,77.6483,21.33,3.902,0
1808,2026-09-25T10:29:51Z,749.78,13.00742,77.64833,21.69,3.899,0
1809,2026-09-25T10:29:52Z,748.63,13.00744,77.64836,21.61,3.898,0
1810,2026-09-25T10:29:53Z,748.32,13.00746,77.64839,21.44,3.902,0
1811,2026-09-25T10:29:54Z,747.74,13.00748,77.64842,21.29,3.898,0
1812,2026-09-25T10:29:55Z,746.78,13.0075,77.64845,21.4,3.903,0
1813,2026-09-25T10:29:56Z,746.53,13.00752,77.64848,21.53,3.9,0
1814,2026-09-25T10:29:57Z,745.89,13.00754,77.64851,21.49,3.897,0
1815,2026-09-25T10:29:58Z,745.45,13.00756,77.64854,21.22,3.904,0
1816,2026-09-25T10:29:59Z,744.44,13.00758,77.64857,21.61,3.905,0
1817,2026-09-25T10:30:00Z,744.07,13.0076,77.6486,25.22,3.904,0
1818,2026-09-25T10:30:01Z,743.43,13.00762,77.64863,25.77,3.899,0
1819,2026-09-25T10:30:02Z,743.11,13.00764,77.64866,25.71,3.898,0
1820,2026-09-25T10:30:03Z,741.87,13.00766,77.64869,25.25,3.902,0
1821,2026-09-25T10:30:04Z,741.39,13.00768,77.64872,25.65,3.901,0
1822,2026-09-25T10:30:05Z,741.14,13.0077,77.64875,25.53,3.896,0
1823,2026-09-25T10:30:06Z,740.15,13.00772,77.64878,25.59,3.896,0
1824,2026-09-25T10:30:07Z,739.77,13.00774,77.64881,25.57,3.902,0
1825,2026-09-25T10:30:08Z,738.64,13.00776,77.64884,25.23,3.895,0
1826,2026-09-25T10:30:09Z,738.48,13.00778,77.64887,25.3,3.897,0
1827,2026-09-25T10:30:10Z,737.63,13.0078,77.6489,25.17,3.894,0
1828,2026-09-25T10:30:11Z,737.79,13.00782,77.64893,25.55,3.901,0
1829,2026-09-25T10:30:12Z,737.21,13.00784,77.64896,25.54,3.9,0
1830,2026-09-25T10:30:13Z,735.79,13.00786,77.64899,25.66,3.894,0
1831,2026-09-25T10:30:14Z,735.74,13.00788,77.64902,25.69,3.899,0
1832,2026-09-25T10:30:15Z,735.46,13.0079,77.64905,25.69,3.899,0
1833,2026-09-25T10:30:16Z,734.15,13.00792,77.64908,25.42,3.901,0
1834,2026-09-25T10:30:17Z,733.95,13.00794,77.64911,25.69,3.895,0
1835,2026-09-25T10:30:18Z,733.15,13.00796,77.64914,25.67,3.9,0
1836,2026-09-25T10:30:18Z,733.15,13.00796,77.64914,25.77,3.899,0
1837,2026-09-25T10:30:19Z,732.46,13.00798,77.64917,25.23,3.893,0
1838,2026-09-25T10:30:20Z,732.33,13.008,77.6492,25.36,3.895,0
1839,2026-09-25T10:30:21Z,731.03,13.00802,77.64923,25.69,3.895,0
1840,2026-09-25T10:30:22Z,730.82,13.00804,77.64926,25.42,3.9,0
1841,2026-09-25T10:30:23Z,730.41,13.00806,77.64929,25.23,3.896,0
1842,2026-09-25T10:30:24Z,729.35,13.00808,77.64932,25.57,3.893,0
1843,2026-09-25T10:30:25Z,729.27,13.0081,77.64935,25.66,3.898,0
1844,2026-09-25T10:30:26Z,728.14,13.00812,77.64938,25.15,3.897,0
1845,2026-09-25T10:30:27Z,727.71,13.00814,77.64941,25.37,3.9,0
1846,2026-09-25T10:30:28Z,727.03,13.00816,77.64944,25.48,3.899,0
1847,2026-09-25T10:30:29Z,726.96,13.00818,77.64947,25.26,3.897,0
1848,2026-09-25T10:30:30Z,726.62,13.0082,77.6495,25.43,3.895,0
1849,2026-09-25T10:30:31Z,726.08,13.00822,77.64953,25.38,3.894,0
1850,2026-09-25T10:30:32Z,725.4,13.00824,77.64956,25.55,3.898,0
1851,2026-09-25T10:30:33Z,724.52,13.00826,77.64959,25.08,3.9,0
1852,2026-09-25T10:30:34Z,724.22,13.00828,77.64962,25.37,3.895,0
1853,2026-09-25T10:30:35Z,723.76,13.0083,77.64965,25.29,3.896,0
1854,2026-09-25T10:30:36Z,722.64,13.00832,77.64968,25.45,3.899,0
1855,2026-09-25T10:30:37Z,721.75,13.00834,77.64971,25.39,3.899,0
1856,2026-09-25T10:30:38Z,721.17,13.00836,77.64974,25.34,3.897,0
1857,2026-09-25T10:30:39Z,721.16,13.00838,77.64977,25.17,3.889,0
1858,2026-09-25T10:30:40Z,720.32,13.0084,77.6498,25.17,3.895,0
1859,2026-09-25T10:30:41Z,720.26,13.00842,77.64983,25.43,3.892,0
1860,2026-09-25T10:30:42Z,718.87,13.00844,77.64986,25.43,3.895,0
1861,2026-09-25T10:30:43Z,718.35,13.00846,77.64989,25.16,3.895,0
1862,2026-09-25T10:30:44Z,718.23,13.00848,77.64992,25.33,3.889,0
1863,2026-09-25T10:30:45Z,717.6,13.0085,77.64995,25.22,3.893,0
1864,2026-09-25T10:30:46Z,717.32,13.00852,77.64998,25.3,3.897,0
1865,2026-09-25T10:30:47Z,715.96,13.00854,77.65001,25.06,3.895,0
1866,2026-09-25T10:30:48Z,715.39,13.00856,77.65004,25.1,3.895,0
1867,2026-09-25T10:30:49Z,715.45,13.00858,77.65007,25.3,3.894,0
1868,2026-09-25T10:30:50Z,715.08,13.0086,77.6501,25.11,3.893,0
1869,2026-09-25T10:30:51Z,714.55,13.00862,77.65013,25.04,3.888,0
1870,2026-09-25T10:30:52Z,713.71,13.00864,77.65016,25.29,3.895,0
1871,2026-09-25T10:30:53Z,712.55,13.00866,77.65019,25.43,3.887,0
1872,2026-09-25T10:30:54Z,712.1,13.00868,77.65022,25.03,3.889,0
1873,2026-09-25T10:30:55Z,712.15,13.0087,77.65025,25.27,3.888,0
1874,2026-09-25T10:30:56Z,711.38,13.00872,77.65028,25.49,3.887,0
1875,2026-09-25T10:30:57Z,710.72,13.00874,77.65031,25.47,3.888,0
1876,2026-09-25T10:30:58Z,710.46,13.00876,77.65034,25.25,3.893,0
1877,2026-09-25T10:30:59Z,710.07,13.00878,77.65037,25.4,3.888,0
1878,2026-09-25T10:31:00Z,709.5,13.0088,77.6504,25.33,3.886,0
1879,2026-09-25T10:31:01Z,708.8,13.00882,77.65043,25.46,3.893,0
1880,2026-09-25T10:31:02Z,707.98,13.00884,77.65046,25.18,3.886,0
1881,2026-09-25T10:31:03Z,706.97,13.00886,77.65049,25.22,3.891,0
1882,2026-09-25T10:31:04Z,706.81,13.00888,77.65052,25.23,3.893,0
1883,2026-09-25T10:31:05Z,705.74,13.0089,77.65055,25.03,3.892,0
1884,2026-09-25T10:31:06Z,705.75,13.00892,77.65058,25.43,3.884,0
1885,2026-09-25T10:31:07Z,705.06,13.00894,77.65061,24.96,3.886,0
1886,2026-09-25T10:31:08Z,704.1,13.00896,77.65064,25.34,3.893,0
1887,2026-09-25T10:31:09Z,703.87,13.00898,77.65067,25.43,3.892,0
1888,2026-09-25T10:31:10Z,703.58,13.009,77.6507,25.07,3.889,0
1889,2026-09-25T10:31:11Z,702.85,13.00902,77.65073,25.19,3.892,0
1890,2026-09-25T10:31:12Z,702.38,13.00904,77.65076,24.96,3.885,0
1891,2026-09-25T10:31:13Z,701.71,13.00906,77.65079,25.51,3.889,0
1892,2026-09-25T10:31:14Z,701.43,13.00908,77.65082,25.14,3.883,0
1893,2026-09-25T10:31:15Z,700.33,13.0091,77.65085,25.0,3.888,0
1894,2026-09-25T10:31:16Z,699.63,13.00912,77.65088,25.15,3.89,0
1895,2026-09-25T10:31:17Z,699.51,13.00914,77.65091,25.05,3.89,0
1896,2026-09-25T10:31:18Z,699.07,13.00916,77.65094,25.09,3.884,0
1897,2026-09-25T10:31:19Z,698.66,13.00918,77.65097,25.32,3.892,0
1898,2026-09-25T10:31:20Z,697.77,13.0092,77.651,25.02,3.889,0
1899,2026-09-25T10:31:21Z,696.78,13.00922,77.65103,25.3,3.885,0
1900,2026-09-25T10:31:22Z,696.62,13.00924,77.65106,25.1,3.889,0
1901,2026-09-25T10:31:23Z,696.39,13.00926,77.65109,24.93,3.888,0
1902,2026-09-25T10:31:24Z,696.0,13.00928,77.65112,25.01,3.889,0
1903,2026-09-25T10:31:25Z,695.01,13.0093,77.65115,24.96,3.89,0
1904,2026-09-25T10:31:26Z,694.69,13.00932,77.65118,25.25,3.884,0
1905,2026-09-25T10:31:27Z,693.61,13.00934,77.65121,25.3,3.884,0
1906,2026-09-25T10:31:28Z,693.64,13.00936,77.65124,25.08,3.881,0
1907,2026-09-25T10:31:29Z,693.05,13.00938,77.65127,25.4,3.884,0
1908,2026-09-25T10:31:30Z,691.97,13.0094,77.6513,25.16,3.885,0
1909,2026-09-25T10:31:31Z,692.09,13.00942,77.65133,24.96,3.889,0
1910,2026-09-25T10:31:32Z,691.1,13.00944,77.65136,25.1,3.881,0
1911,2026-09-25T10:31:33Z,690.82,13.00946,77.65139,25.24,3.89,0
1912,2026-09-25T10:31:34Z,689.75,13.00948,77.65142,24.94,3.886,0
1913,2026-09-25T10:31:35Z,689.06,13.0095,77.65145,24.94,3.888,0
1914,2026-09-25T10:31:36Z,688.91,13.00952,77.65148,24.95,3.882,0
1915,2026-09-25T10:31:37Z,688.79,13.00954,77.65151,25.21,3.887,0
1916,2026-09-25T10:31:38Z,687.99,13.00956,77.65154,25.22,3.881,0
1917,2026-09-25T10:31:39Z,687.77,13.00958,77.65157,25.35,3.88,0
1918,2026-09-25T10:31:40Z,687.11,999,77.6516,25.13,3.888,0
1919,2026-09-25T10:31:41Z,686.29,13.00962,77.65163,25.34,3.881,0
1920,2026-09-25T10:31:42Z,685.89,13.00964,77.65166,25.27,3.88,0
1921,2026-09-25T10:31:43Z,684.94,13.00966,77.65169,25.18,3.887,0
1922,2026-09-25T10:31:44Z,684.65,13.00968,77.65172,24.91,3.884,0
1923,2026-09-25T10:31:45Z,683.53,13.0097,77.65175,25.41,3.878,0
1924,2026-09-25T10:31:46Z,683.44,13.00972,77.65178,25.28,3.877,0
1925,2026-09-25T10:31:47Z,682.95,13.00974,77.65181,25.1,3.885,0
1926,2026-09-25T10:31:48Z,682.7,13.00976,77.65184,25.08,3.879,0
1927,2026-09-25T10:31:49Z,681.89,13.00978,77.65187,24.82,3.884,0
1928,2026-09-25T10:31:50Z,681.74,13.0098,77.6519,24.88,3.88,0
1929,2026-09-25T10:31:51Z,680.9,13.00982,77.65193,24.85,3.882,0
1930,2026-09-25T10:31:52Z,680.0,13.00984,77.65196,25.22,3.885,0
1931,2026-09-25T10:31:53Z,679.91,13.00986,77.65199,24.8,3.881,0
1932,2026-09-25T10:31:54Z,679.39,13.00988,77.65202,25.31,3.88,0
1933,2026-09-25T10:31:55Z,678.86,13.0099,77.65205,25.0,3.881,0
1934,2026-09-25T10:31:56Z,678.16,13.00992,77.65208,25.3,3.877,0
1935,2026-09-25T10:31:56Z,678.16,13.00992,77.65208,25.4,3.876,0
1936,2026-09-25T10:31:57Z,677.88,13.00994,77.65211,24.98,3.876,0
1937,2026-09-25T10:31:58Z,676.88,13.00996,77.65214,24.93,3.884,0
1938,2026-09-25T10:31:59Z,676.45,13.00998,77.65217,25.25,3.883,0
1939,2026-09-25T10:32:00Z,675.45,13.01,77.6522,25.3,3.882,0
1940,2026-09-25T10:32:01Z,674.88,13.01002,77.65223,25.33,3.882,0
1941,2026-09-25T10:32:02Z,675.18,13.01004,77.65226,24.83,3.879,0
1942,2026-09-25T10:32:03Z,674.37,13.01006,77.65229,24.98,3.877,0
1943,2026-09-25T10:32:04Z,673.77,13.01008,77.65232,24.79,3.881,0
1944,2026-09-25T10:32:05Z,672.87,13.0101,77.65235,25.34,3.876,0
1945,2026-09-25T10:32:06Z,672.24,13.01012,77.65238,25.04,3.883,0
1946,2026-09-25T10:32:07Z,672.18,13.01014,77.65241,25.32,3.876,0
1947,2026-09-25T10:32:08Z,671.81,13.01016,77.65244,24.88,3.878,0
1948,2026-09-25T10:32:09Z,670.79,13.01018,77.65247,25.14,3.877,0
1949,2026-09-25T10:32:10Z,670.05,13.0102,77.6525,24.94,3.878,0
1950,2026-09-25T10:32:11Z,669.98,13.01022,77.65253,24.8,3.88,0
1951,2026-09-25T10:32:12Z,669.59,13.01024,77.65256,25.04,3.876,0
1952,2026-09-25T10:32:13Z,669.0,13.01026,77.65259,25.2,3.882,0
1953,2026-09-25T10:32:14Z,668.65,13.01028,77.65262,25.28,3.874,0
1954,2026-09-25T10:32:15Z,668.2,13.0103,77.65265,24.98,3.874,0
1955,2026-09-25T10:32:16Z,667.67,13.01032,77.65268,24.88,3.882,0
1956,2026-09-25T10:32:17Z,666.35,13.01034,77.65271,24.88,3.879,0
1957,2026-09-25T10:32:18Z,666.21,13.01036,77.65274,25.22,3.877,0
1958,2026-09-25T10:32:19Z,665.8,13.01038,77.65277,24.88,3.882,0
1959,2026-09-25T10:32:20Z,665.18,13.0104,77.6528,24.77,3.875,0
1960,2026-09-25T10:32:21Z,664.55,13.01042,77.65283,25.08,3.875,0
1961,2026-09-25T10:32:22Z,663.64,13.01044,77.65286,25.21,3.873,0
1962,2026-09-25T10:32:23Z,663.99,13.01046,77.65289,25.07,3.875,0
1963,2026-09-25T10:32:24Z,662.85,13.01048,77.65292,25.07,3.874,0
1964,2026-09-25T10:32:25Z,662.57,13.0105,77.65295,25.1,3.879,0
1965,2026-09-25T10:32:26Z,661.9,13.01052,77.65298,24.85,3.872,0
1966,2026-09-25T10:32:27Z,661.71,13.01054,77.65301,24.77,3.874,0
1967,2026-09-25T10:32:28Z,660.87,13.01056,77.65304,25.25,3.878,0
1968,2026-09-25T10:32:29Z,659.91,13.01058,77.65307,24.87,3.875,0
1969,2026-09-25T10:32:30Z,659.5,13.0106,77.6531,25.21,3.877,0
1970,2026-09-25T10:32:31Z,659.09,13.01062,77.65313,25.23,3.878,0
1971,2026-09-25T10:32:32Z,658.96,13.01064,77.65316,25.05,3.872,0
1972,2026-09-25T10:32:33Z,657.98,13.01066,77.65319,24.67,3.873,0
1973,2026-09-25T10:32:34Z,657.35,13.01068,77.65322,24.8,3.871,0
1974,2026-09-25T10:32:35Z,657.25,13.0107,77.65325,24.66,3.872,0
1975,2026-09-25T10:32:36Z,656.5,13.01072,77.65328,24.86,3.874,0
1976,2026-09-25T10:32:37Z,655.8,13.01074,77.65331,24.81,3.878,0
1977,2026-09-25T10:32:38Z,655.51,13.01076,77.65334,24.93,3.87,0
1978,2026-09-25T10:32:39Z,655.04,13.01078,77.65337,24.82,3.869,0
1979,2026-09-25T10:32:40Z,654.8,13.0108,77.6534,25.21,3.871,0
1980,2026-09-25T10:32:41Z,654.24,13.01082,77.65343,24.9,3.871,0
1981,2026-09-25T10:32:42Z,653.95,13.01084,77.65346,25.2,3.874,0
1982,2026-09-25T10:32:43Z,652.63,13.01086,77.65349,24.95,3.877,0
1983,2026-09-25T10:32:44Z,652.4,13.01088,77.65352,25.02,3.875,0
1984,2026-09-25T10:32:45Z,652.33,13.0109,77.65355,24.68,3.874,0
1985,2026-09-25T10:32:46Z,651.22,13.01092,77.65358,24.84,3.875,0
1986,2026-09-25T10:32:47Z,650.84,13.01094,77.65361,24.66,3.868,0
1987,2026-09-25T10:32:48Z,650.5,13.01096,77.65364,24.94,3.869,0
1988,2026-09-25T10:32:49Z,650.28,13.01098,77.65367,24.76,3.867,0
1989,2026-09-25T10:32:50Z,649.36,13.011,77.6537,24.86,3.874,0
1990,2026-09-25T10:32:51Z,648.38,13.01102,77.65373,24.89,3.869,0
1991,2026-09-25T10:32:52Z,648.09,13.01104,77.65376,24.94,3.875,0
1992,2026-09-25T10:32:53Z,648.16,13.01106,77.65379,24.8,3.867,0
1993,2026-09-25T10:32:54Z,647.58,13.01108,77.65382,24.79,3.87,0
1994,2026-09-25T10:32:55Z,646.49,13.0111,77.65385,24.78,3.876,0
1995,2026-09-25T10:32:56Z,646.56,13.01112,77.65388,24.61,3.873,0
1996,2026-09-25T10:32:57Z,645.61,13.01114,77.65391,25.16,3.874,0
1997,2026-09-25T10:32:58Z,644.94,13.01116,77.65394,25.04,3.875,0
1998,2026-09-25T10:32:59Z,644.55,13.01118,77.65397,25.09,3.866,0
1999,2026-09-25T10:33:00Z,644.2,13.0112,77.654,24.6,3.867,0
2000,2026-09-25T10:33:01Z,643.56,13.01122,77.65403,25.07,3.875,0
2001,2026-09-25T10:33:02Z,642.64,13.01124,77.65406,25.12,3.873,0
2002,2026-09-25T10:33:03Z,642.14,13.01126,77.65409,24.79,3.874,0
2003,2026-09-25T10:33:04Z,641.95,13.01128,77.65412,24.87,3.871,0
2004,2026-09-25T10:33:05Z,641.78,13.0113,77.65415,24.61,3.866,0
2005,2026-09-25T10:33:06Z,640.88,13.01132,77.65418,24.86,3.864,0
2006,2026-09-25T10:33:07Z,640.82,13.01134,77.65421,25.02,3.867,0
2007,2026-09-25T10:33:08Z,640.03,13.01136,77.65424,24.8,3.864,0
2008,2026-09-25T10:33:09Z,638.95,13.01138,77.65427,24.68,3.874,0
2009,2026-09-25T10:33:10Z,639.27,13.0114,77.6543,24.79,3.87,0
2010,2026-09-25T10:33:11Z,638.81,13.01142,77.65433,24.76,3.868,0
2011,2026-09-25T10:33:12Z,638.1,13.01144,77.65436,24.66,3.864,0
2012,2026-09-25T10:33:13Z,637.17,13.01146,77.65439,25.1,3.864,0
2013,2026-09-25T10:33:14Z,637.13,13.01148,77.65442,24.85,3.869,0
2014,2026-09-25T10:33:15Z,636.73,13.0115,77.65445,24.88,3.868,0
2015,2026-09-25T10:33:16Z,636.04,13.01152,77.65448,24.56,3.867,0
2016,2026-09-25T10:33:17Z,635.41,13.01154,77.65451,25.0,3.864,0
2017,2026-09-25T10:33:18Z,634.38,13.01156,77.65454,24.68,3.871,0
2018,2026-09-25T10:33:19Z,633.95,13.01158,77.65457,24.58,3.865,0
2019,2026-09-25T10:33:20Z,633.71,13.0116,77.6546,25.03,3.866,0
2020,2026-09-25T10:33:21Z,633.07,13.01162,77.65463,24.79,3.871,0
2021,2026-09-25T10:33:22Z,632.78,13.01164,77.65466,24.93,3.863,0
2022,2026-09-25T10:33:23Z,631.85,13.01166,77.65469,24.92,3.866,0
2023,2026-09-25T10:33:24Z,632.12,13.01168,77.65472,24.96,3.868,0
2024,2026-09-25T10:33:25Z,631.03,13.0117,77.65475,24.87,3.868,0
2025,2026-09-25T10:33:26Z,630.32,13.01172,77.65478,24.81,3.869,0
2026,2026-09-25T10:33:27Z,629.72,13.01174,77.65481,24.76,3.864,0
2027,2026-09-25T10:33:28Z,629.68,13.01176,77.65484,24.65,3.869,0
2028,2026-09-25T10:33:29Z,628.79,13.01178,77.65487,24.54,3.862,0
2029,2026-09-25T10:33:30Z,628.37,13.0118,77.6549,24.98,3.866,0
2030,2026-09-25T10:33:31Z,628.5,13.01182,77.65493,24.76,3.865,0
2031,2026-09-25T10:33:32Z,627.71,13.01184,77.65496,24.88,3.861,0
2032,2026-09-25T10:33:33Z,627.11,13.01186,77.65499,24.48,3.868,0
2033,2026-09-25T10:33:34Z,627.07,13.01188,77.65502,24.72,3.862,0
2034,2026-09-25T10:33:35Z,626.0,13.0119,77.65505,24.91,3.868,0
2035,2026-09-25T10:33:36Z,625.73,13.01192,77.65508,24.88,3.862,0
2036,2026-09-25T10:33:37Z,625.33,13.01194,77.65511,24.44,3.867,0
2037,2026-09-25T10:33:38Z,624.33,13.01196,77.65514,24.92,3.86,0
2038,2026-09-25T10:33:39Z,623.84,13.01198,77.65517,24.49,3.86,0
2039,2026-09-25T10:33:40Z,623.18,13.012,77.6552,24.82,3.866,0
2040,2026-09-25T10:33:41Z,622.67,13.01202,77.65523,24.86,3.866,0
2041,2026-09-25T10:33:42Z,622.13,13.01204,77.65526,24.46,3.866,0
2042,2026-09-25T10:33:43Z,622.09,13.01206,77.65529,24.43,3.859,0
2043,2026-09-25T10:33:44Z,621.33,13.01208,77.65532,24.43,3.865,0
2044,2026-09-25T10:33:45Z,621.32,13.0121,77.65535,24.86,3.867,0
2045,2026-09-25T10:33:46Z,620.28,13.01212,77.65538,24.92,3.859,0
2046,2026-09-25T10:33:47Z,619.91,13.01214,77.65541,24.43,3.865,0
2047,2026-09-25T10:33:48Z,620.0,13.01216,77.65544,24.95,3.86,0
2048,2026-09-25T10:33:49Z,618.71,13.01218,77.65547,24.67,3.864,0
2049,2026-09-25T10:33:50Z,618.29,13.0122,77.6555,24.71,3.858,0
2050,2026-09-25T10:33:51Z,618.12,13.01222,77.65553,24.38,3.859,0
2051,2026-09-25T10:33:52Z,617.23,13.01224,77.65556,24.53,3.865,0
2052,2026-09-25T10:33:53Z,617.08,13.01226,77.65559,24.94,3.857,0
2053,2026-09-25T10:33:54Z,616.25,13.01228,77.65562,24.66,3.863,0
2054,2026-09-25T10:33:55Z,615.9,13.0123,77.65565,24.7,3.86,0
2055,2026-09-25T10:33:56Z,615.99,13.01232,77.65568,24.46,3.86,0
2056,2026-09-25T10:33:57Z,614.91,13.01234,77.65571,24.47,3.858,0
2057,2026-09-25T10:33:58Z,614.14,13.01236,77.65574,24.93,3.856,0
2058,2026-09-25T10:33:59Z,613.64,13.01238,77.65577,24.42,3.863,0
2059,2026-09-25T10:34:00Z,613.72,13.0124,77.6558,24.66,3.855,0
2060,2026-09-25T10:34:01Z,612.85,13.01242,77.65583,24.4,3.858,0
2061,2026-09-25T10:34:02Z,612.62,13.01244,77.65586,24.52,3.865,0
2062,2026-09-25T10:34:03Z,611.96,13.01246,77.65589,24.65,3.858,0
2063,2026-09-25T10:34:04Z,611.88,13.01248,77.65592,24.43,3.855,0
2064,2026-09-25T10:34:05Z,611.36,13.0125,77.65595,24.61,3.861,0
2065,2026-09-25T10:34:06Z,610.2,13.01252,77.65598,24.91,3.859,0
2066,2026-09-25T10:34:07Z,609.63,13.01254,77.65601,24.57,3.861,0
2067,2026-09-25T10:34:08Z,609.12,13.01256,77.65604,24.39,3.858,0
2068,2026-09-25T10:34:09Z,609.12,13.01258,77.65607,24.36,3.863,0
2069,2026-09-25T10:34:10Z,609.01,13.0126,77.6561,24.34,3.863,0
2070,2026-09-25T10:34:11Z,607.87,13.01262,77.65613,24.65,3.863,0
2071,2026-09-25T10:34:12Z,607.15,13.01264,77.65616,24.79,3.86,0
2072,2026-09-25T10:34:13Z,606.81,13.01266,77.65619,24.72,3.859,0
2073,2026-09-25T10:34:14Z,606.31,13.01268,77.65622,24.75,3.859,0
2074,2026-09-25T10:34:15Z,605.94,13.0127,77.65625,24.57,3.858,0
2075,2026-09-25T10:34:16Z,605.44,13.01272,77.65628,24.57,3.855,0
2076,2026-09-25T10:34:17Z,605.32,13.01274,77.65631,24.33,3.855,0
2077,2026-09-25T10:34:18Z,604.55,13.01276,77.65634,24.65,3.853,0
2078,2026-09-25T10:34:19Z,603.66,13.01278,77.65637,24.29,3.853,0
2079,2026-09-25T10:34:20Z,603.74,13.0128,77.6564,24.84,3.856,0
2080,2026-09-25T10:34:21Z,603.24,13.01282,77.65643,24.35,3.858,0
2081,2026-09-25T10:34:22Z,602.17,13.01284,77.65646,24.3,3.859,0
2082,2026-09-25T10:34:23Z,602.34,13.01286,77.65649,24.73,3.853,0
2083,2026-09-25T10:34:24Z,601.74,13.01288,77.65652,24.54,3.854,0
2084,2026-09-25T10:34:25Z,600.92,13.0129,77.65655,24.76,3.856,0
2085,2026-09-25T10:34:26Z,601.04,13.01292,77.65658,24.26,3.855,0
2086,2026-09-25T10:34:27Z,600.51,13.01294,77.65661,24.47,3.854,0
2087,2026-09-25T10:34:28Z,599.48,13.01296,77.65664,24.51,3.85,0
2088,2026-09-25T10:34:29Z,599.17,13.01298,77.65667,24.75,3.853,0
2089,2026-09-25T10:34:30Z,598.83,13.013,77.6567,24.51,3.851,0
2090,2026-09-25T10:34:31Z,598.34,13.01302,77.65673,24.51,3.851,0
2091,2026-09-25T10:34:32Z,597.81,13.01304,77.65676,24.62,3.857,0
2092,2026-09-25T10:34:33Z,597.21,13.01306,77.65679,24.5,3.859,0
2093,2026-09-25T10:34:34Z,596.66,13.01308,77.65682,24.44,3.854,0
2094,2026-09-25T10:34:35Z,596.63,13.0131,77.65685,24.58,3.853,0
2095,2026-09-25T10:34:36Z,596.14,13.01312,77.65688,24.39,3.849,0
2096,2026-09-25T10:34:37Z,594.72,13.01314,77.65691,24.7,3.852,0
2097,2026-09-25T10:34:38Z,594.92,13.01316,77.65694,24.22,3.858,0
2098,2026-09-25T10:34:39Z,594.03,13.01318,77.65697,24.25,3.852,0
2099,2026-09-25T10:34:40Z,593.56,13.0132,77.657,24.4,3.855,0
2100,2026-09-25T10:34:41Z,592.96,13.01322,77.65703,24.58,3.854,0
2101,2026-09-25T10:34:42Z,593.13,13.01324,77.65706,24.22,3.851,0
2102,2026-09-25T10:34:43Z,592.07,13.01326,77.65709,24.19,3.851,0
2103,2026-09-25T10:34:44Z,591.7,13.01328,77.65712,24.69,3.854,0
2104,2026-09-25T10:34:45Z,591.65,13.0133,77.65715,24.33,3.855,0
2105,2026-09-25T10:34:46Z,590.85,13.01332,77.65718,24.76,3.851,0
2106,2026-09-25T10:34:47Z,590.16,13.01334,77.65721,24.5,3.855,0
2107,2026-09-25T10:34:48Z,589.39,13.01336,77.65724,24.57,3.85,0
2108,2026-09-25T10:34:49Z,589.3,13.01338,77.65727,24.62,3.85,0
2109,2026-09-25T10:34:50Z,588.92,13.0134,77.6573,24.37,3.851,0
2110,2026-09-25T10:34:51Z,588.32,13.01342,77.65733,24.66,3.855,0
2111,2026-09-25T10:34:52Z,588.17,13.01344,77.65736,24.47,3.849,0
2112,2026-09-25T10:34:53Z,586.9,13.01346,77.65739,24.74,3.85,0
2113,2026-09-25T10:34:54Z,586.59,13.01348,77.65742,24.59,3.847,0
2114,2026-09-25T10:34:55Z,586.71,13.0135,77.65745,24.19,3.849,0
2115,2026-09-25T10:34:56Z,585.46,13.01352,77.65748,24.61,3.851,0
2116,2026-09-25T10:34:57Z,585.11,13.01354,77.65751,24.61,3.853,0
2117,2026-09-25T10:34:58Z,584.71,13.01356,77.65754,24.6,3.849,0
2118,2026-09-25T10:34:59Z,584.47,13.01358,77.65757,24.24,3.849,0
2119,2026-09-25T10:35:00Z,584.06,13.0136,77.6576,24.39,3.503,8
2120,2026-09-25T10:35:01Z,583.14,13.01362,77.65763,24.12,3.852,0
2121,2026-09-25T10:35:02Z,583.33,13.01364,77.65766,24.46,3.847,0
2122,2026-09-25T10:35:03Z,582.95,13.01366,77.65769,24.56,3.85,0
2123,2026-09-25T10:35:04Z,582.44,13.01368,77.65772,24.42,3.85,0
2124,2026-09-25T10:35:05Z,581.79,13.0137,77.65775,24.36,3.85,0
2125,2026-09-25T10:35:06Z,581.17,13.01372,77.65778,24.4,3.848,0
2126,2026-09-25T10:35:07Z,580.2,13.01374,77.65781,24.18,3.851,0
2127,2026-09-25T10:35:08Z,579.87,13.01376,77.65784,24.35,3.847,0
2128,2026-09-25T10:35:09Z,579.91,13.01378,77.65787,24.12,3.846,0
2129,2026-09-25T10:35:10Z,579.01,13.0138,77.6579,24.57,3.849,0
2130,2026-09-25T10:35:11Z,578.38,13.01382,77.65793,24.44,3.847,0
2131,2026-09-25T10:35:12Z,577.75,13.01384,77.65796,24.19,3.845,0
2132,2026-09-25T10:35:13Z,577.98,13.01386,77.65799,24.35,3.849,0
2133,2026-09-25T10:35:14Z,577.11,13.01388,77.65802,24.46,3.843,0
2134,2026-09-25T10:35:15Z,576.35,13.0139,77.65805,24.14,3.846,0
2135,2026-09-25T10:35:16Z,576.51,13.01392,77.65808,24.46,3.844,0
2136,2026-09-25T10:35:17Z,576.08,13.01394,77.65811,24.64,3.847,0
2137,2026-09-25T10:35:18Z,574.77,13.01396,77.65814,24.57,3.843,0
2138,2026-09-25T10:35:19Z,574.86,13.01398,77.65817,24.57,3.851,0
2139,2026-09-25T10:35:20Z,574.19,13.014,77.6582,24.26,3.849,0
2140,2026-09-25T10:35:21Z,573.39,13.01402,77.65823,24.61,3.849,0
2141,2026-09-25T10:35:22Z,572.96,13.01404,77.65826,24.11,3.848,0
2142,2026-09-25T10:35:23Z,573.27,13.01406,77.65829,24.34,3.849,0
2143,2026-09-25T10:35:24Z,572.81,13.01408,77.65832,24.59,3.844,0
2144,2026-09-25T10:35:25Z,572.26,13.0141,77.65835,24.17,3.842,0
2145,2026-09-25T10:35:26Z,571.71,13.01412,77.65838,24.22,3.847,0
2146,2026-09-25T10:35:27Z,570.81,13.01414,77.65841,24.47,3.843,0
2147,2026-09-25T10:35:28Z,570.37,13.01416,77.65844,24.11,3.842,0
2148,2026-09-25T10:35:29Z,570.44,13.01418,77.65847,24.27,3.843,0
2149,2026-09-25T10:35:30Z,569.58,13.0142,77.6585,24.3,3.844,0
2150,2026-09-25T10:35:31Z,569.46,13.01422,77.65853,24.19,3.844,0
2151,2026-09-25T10:35:32Z,568.71,13.01424,77.65856,24.58,3.849,0
2152,2026-09-25T10:35:33Z,568.49,13.01426,77.65859,24.22,3.847,0
2153,2026-09-25T10:35:34Z,567.9,13.01428,77.65862,24.0,3.849,0
2154,2026-09-25T10:35:35Z,567.21,13.0143,77.65865,24.49,3.846,0
2155,2026-09-25T10:35:36Z,567.06,13.01432,77.65868,24.4,3.847,0
2156,2026-09-25T10:35:37Z,565.89,13.01434,77.65871,24.31,3.842,0
2157,2026-09-25T10:35:38Z,566.13,13.01436,77.65874,24.2,3.847,0
2158,2026-09-25T10:35:39Z,564.81,13.01438,77.65877,24.5,3.848,0
2159,2026-09-25T10:35:40Z,564.61,13.0144,77.6588,24.52,3.842,0
2160,2026-09-25T10:35:41Z,564.72,13.01442,77.65883,24.12,3.839,0
2161,2026-09-25T10:35:42Z,564.08,13.01444,77.65886,24.11,3.84,0
2162,2026-09-25T10:35:43Z,563.68,13.01446,77.65889,24.51,3.844,0
2163,2026-09-25T10:35:44Z,563.19,13.01448,77.65892,24.42,3.842,0
2164,2026-09-25T10:35:45Z,561.87,13.0145,77.65895,24.47,3.846,0
2165,2026-09-25T10:35:46Z,562.3,13.01452,77.65898,24.23,3.841,0
2166,2026-09-25T10:35:47Z,561.73,13.01454,77.65901,24.38,3.846,0
2167,2026-09-25T10:35:48Z,561.23,13.01456,77.65904,24.43,3.844,0
2168,2026-09-25T10:35:49Z,560.45,13.01458,77.65907,24.15,3.843,0
2169,2026-09-25T10:35:50Z,560.28,13.0146,77.6591,24.38,3.842,0
2170,2026-09-25T10:35:51Z,559.02,13.01462,77.65913,23.96,3.843,0
2171,2026-09-25T10:35:52Z,559.15,13.01464,77.65916,24.4,3.837,0
2172,2026-09-25T10:35:53Z,558.45,13.01466,77.65919,24.31,3.839,0
2173,2026-09-25T10:35:54Z,557.65,13.01468,77.65922,24.01,3.841,0
2174,2026-09-25T10:35:55Z,558.07,13.0147,77.65925,24.42,3.844,0
2175,2026-09-25T10:35:56Z,557.48,13.01472,77.65928,24.32,3.844,0
2176,2026-09-25T10:35:57Z,556.47,13.01474,77.65931,24.2,3.843,0
2177,2026-09-25T10:35:58Z,555.94,13.01476,77.65934,24.32,3.843,0
2178,2026-09-25T10:35:59Z,556.01,13.01478,77.65937,24.02,3.839,0
2179,2026-09-25T10:36:00Z,554.92,13.0148,77.6594,24.43,3.844,0
2180,2026-09-25T10:36:01Z,555.15,13.01482,77.65943,24.03,3.844,0
2181,2026-09-25T10:36:02Z,554.72,13.01484,77.65946,24.28,3.841,0
2182,2026-09-25T10:36:03Z,554.23,13.01486,77.65949,24.47,3.837,0
2183,2026-09-25T10:36:04Z,553.55,13.01488,77.65952,23.99,3.838,0
2184,2026-09-25T10:36:05Z,552.81,13.0149,77.65955,24.04,3.835,0
2185,2026-09-25T10:36:06Z,552.28,13.01492,77.65958,24.45,3.835,0
2186,2026-09-25T10:36:07Z,552.16,13.01494,77.65961,24.13,3.843,0
2187,2026-09-25T10:36:08Z,551.42,13.01496,77.65964,24.27,3.835,0
2188,2026-09-25T10:36:09Z,551.21,13.01498,77.65967,23.98,3.843,0
2189,2026-09-25T10:36:10Z,550.81,13.015,77.6597,24.03,3.838,0
2190,2026-09-25T10:36:11Z,549.69,13.01502,77.65973,24.37,3.839,0
2191,2026-09-25T10:36:12Z,550.09,13.01504,77.65976,24.03,3.84,0
2192,2026-09-25T10:36:13Z,549.04,13.01506,77.65979,24.1,3.834,0
2193,2026-09-25T10:36:14Z,548.45,13.01508,77.65982,24.01,3.839,0
2194,2026-09-25T10:36:15Z,548.6,13.0151,77.65985,24.07,3.84,0
2195,2026-09-25T10:36:16Z,547.68,13.01512,77.65988,23.85,3.833,0
2196,2026-09-25T10:36:17Z,547.07,13.01514,77.65991,24.26,3.839,0
2197,2026-09-25T10:36:18Z,546.99,13.01516,77.65994,24.26,3.839,0
2198,2026-09-25T10:36:19Z,546.07,13.01518,77.65997,23.89,3.833,0
2199,2026-09-25T10:36:20Z,545.68,13.0152,77.66,23.97,3.841,0
2200,2026-09-25T10:36:21Z,545.88,13.01522,77.66003,24.38,3.842,0
2201,2026-09-25T10:36:22Z,545.01,13.01524,77.66006,24.27,3.831,0
2202,2026-09-25T10:36:23Z,544.19,13.01526,77.66009,24.19,3.834,0
2203,2026-09-25T10:36:24Z,543.87,13.01528,77.66012,24.03,3.841,0
2204,2026-09-25T10:36:25Z,543.57,13.0153,77.66015,24.16,3.834,0
2205,2026-09-25T10:36:26Z,543.05,13.01532,77.66018,24.37,3.84,0
2206,2026-09-25T10:36:27Z,542.21,13.01534,77.66021,23.99,3.836,0
2207,2026-09-25T10:36:28Z,541.75,13.01536,77.66024,23.87,3.83,0
2208,2026-09-25T10:36:29Z,541.28,13.01538,77.66027,24.32,3.838,0
2209,2026-09-25T10:36:30Z,541.43,13.0154,77.6603,24.35,3.833,0
2210,2026-09-25T10:36:31Z,541.1,13.01542,77.66033,24.16,3.838,0
2211,2026-09-25T10:36:32Z,540.01,13.01544,77.66036,23.97,3.839,0
2212,2026-09-25T10:36:33Z,539.61,13.01546,77.66039,24.38,3.838,0
2213,2026-09-25T10:36:34Z,538.97,13.01548,77.66042,24.29,3.836,0
2214,2026-09-25T10:36:35Z,539.16,13.0155,77.66045,23.8,3.83,0
2215,2026-09-25T10:36:36Z,538.12,13.01552,77.66048,23.79,3.832,0
2216,2026-09-25T10:36:37Z,538.14,13.01554,77.66051,24.03,3.839,0
2217,2026-09-25T10:36:38Z,537.89,13.01556,77.66054,23.78,3.833,0
2218,2026-09-25T10:36:39Z,537.21,13.01558,77.66057,24.05,3.834,0
2219,2026-09-25T10:36:40Z,536.89,13.0156,77.6606,24.28,3.829,0
2220,2026-09-25T10:36:41Z,535.66,13.01562,77.66063,24.27,3.83,0
2221,2026-09-25T10:36:42Z,535.28,13.01564,77.66066,24.06,3.831,0
2222,2026-09-25T10:36:43Z,535.54,13.01566,77.66069,24.09,3.834,0
2223,2026-09-25T10:36:44Z,535.15,13.01568,77.66072,24.06,3.834,0
2224,2026-09-25T10:36:45Z,534.14,13.0157,77.66075,23.79,3.836,0
2225,2026-09-25T10:36:46Z,533.94,13.01572,77.66078,24.26,3.827,0
2226,2026-09-25T10:36:47Z,533.48,13.01574,77.66081,24.14,3.831,0
2227,2026-09-25T10:36:48Z,532.93,13.01576,77.66084,24.3,3.835,0
2228,2026-09-25T10:36:49Z,532.02,13.01578,77.66087,23.77,3.835,0
2229,2026-09-25T10:36:50Z,532.07,13.0158,77.6609,23.99,3.837,0
2230,2026-09-25T10:36:51Z,531.54,13.01582,77.66093,23.72,3.837,0
2231,2026-09-25T10:36:52Z,531.15,13.01584,77.66096,24.28,3.829,0
2232,2026-09-25T10:36:53Z,530.76,13.01586,77.66099,24.15,3.836,0
2233,2026-09-25T10:36:54Z,530.14,13.01588,77.66102,23.83,3.826,0
2234,2026-09-25T10:36:54Z,530.14,13.01588,77.66102,23.93,3.825,0
2235,2026-09-25T10:36:55Z,529.75,13.0159,77.66105,23.89,3.827,0
2236,2026-09-25T10:36:56Z,528.72,13.01592,77.66108,24.27,3.83,0
2237,2026-09-25T10:36:57Z,528.59,13.01594,77.66111,23.8,3.836,0
2238,2026-09-25T10:36:58Z,528.6,13.01596,77.66114,23.74,3.834,0
2239,2026-09-25T10:36:59Z,527.43,13.01598,77.66117,24.16,3.828,0
2240,2026-09-25T10:37:00Z,527.56,13.016,77.6612,24.07,3.826,0
2241,2026-09-25T10:37:01Z,526.84,13.01602,77.66123,23.94,3.833,0
2242,2026-09-25T10:37:02Z,526.2,13.01604,77.66126,24.09,3.826,0
2243,2026-09-25T10:37:03Z,526.1,13.01606,77.66129,24.17,3.83,0
2244,2026-09-25T10:37:04Z,525.46,13.01608,77.66132,24.2,3.829,0
2245,2026-09-25T10:37:05Z,525.07,13.0161,77.66135,23.92,3.832,0
2246,2026-09-25T10:37:06Z,524.86,13.01612,77.66138,24.03,3.828,0
2247,2026-09-25T10:37:07Z,524.02,13.01614,77.66141,23.68,3.827,0
2248,2026-09-25T10:37:08Z,523.6,13.01616,77.66144,23.78,3.831,0
2249,2026-09-25T10:37:09Z,522.84,13.01618,77.66147,23.95,3.83,0
2250,2026-09-25T10:37:10Z,522.74,13.0162,77.6615,23.82,3.827,0
2251,2026-09-25T10:37:11Z,522.67,13.01622,77.66153,23.93,3.824,0
2252,2026-09-25T10:37:12Z,521.44,13.01624,77.66156,24.18,3.831,0
2253,2026-09-25T10:37:13Z,521.37,13.01626,77.66159,23.82,3.823,0
2254,2026-09-25T10:37:14Z,520.47,13.01628,77.66162,23.66,3.824,0
2255,2026-09-25T10:37:15Z,520.35,13.0163,77.66165,23.69,3.83,0
2256,2026-09-25T10:37:16Z,520.05,13.01632,77.66168,23.78,3.825,0
2257,2026-09-25T10:37:17Z,519.1,13.01634,77.66171,23.92,3.823,0
2258,2026-09-25T10:37:18Z,519.23,13.01636,77.66174,23.73,3.824,0
2259,2026-09-25T10:37:19Z,518.5,13.01638,77.66177,23.66,3.831,0
2260,2026-09-25T10:37:20Z,517.95,13.0164,77.6618,23.96,3.827,0
2261,2026-09-25T10:37:21Z,517.87,13.01642,77.66183,23.98,3.825,0
2262,2026-09-25T10:37:22Z,517.71,13.01644,77.66186,24.12,3.823,0
2263,2026-09-25T10:37:23Z,516.48,13.01646,77.66189,24.05,3.827,0
2264,2026-09-25T10:37:24Z,516.7,13.01648,77.66192,23.66,3.826,0
2265,2026-09-25T10:37:25Z,515.39,13.0165,77.66195,23.66,3.823,0
2266,2026-09-25T10:37:26Z,515.4,13.01652,77.66198,24.01,3.83,0
2267,2026-09-25T10:37:27Z,515.44,13.01654,77.66201,23.95,3.826,0
2268,2026-09-25T10:37:28Z,514.63,13.01656,77.66204,24.16,3.824,0
2269,2026-09-25T10:37:29Z,514.23,13.01658,77.66207,23.99,3.824,0
2270,2026-09-25T10:37:30Z,513.4,13.0166,77.6621,23.66,3.82,0
2271,2026-09-25T10:37:31Z,512.76,13.01662,77.66213,23.58,3.83,0
2272,2026-09-25T10:37:32Z,513.06,13.01664,77.66216,23.7,3.826,0
2273,2026-09-25T10:37:33Z,512.39,13.01666,77.66219,23.82,3.826,0
2274,2026-09-25T10:37:34Z,512.08,13.01668,77.66222,23.67,3.822,0
2275,2026-09-25T10:37:35Z,511.3,13.0167,77.66225,23.84,3.819,0
2276,2026-09-25T10:37:36Z,510.55,13.01672,77.66228,23.64,3.826,0
2277,2026-09-25T10:37:37Z,510.89,13.01674,77.66231,23.83,3.828,0
2278,2026-09-25T10:37:38Z,510.07,13.01676,77.66234,23.67,3.825,0
2279,2026-09-25T10:37:39Z,509.86,13.01678,77.66237,23.57,3.819,0
2280,2026-09-25T10:37:40Z,509.2,13.0168,77.6624,23.97,3.828,0
2281,2026-09-25T10:37:41Z,508.97,13.01682,77.66243,23.98,3.824,0
2282,2026-09-25T10:37:42Z,508.22,13.01684,77.66246,23.7,3.823,0
2283,2026-09-25T10:37:43Z,507.71,13.01686,77.66249,23.88,3.824,0
2284,2026-09-25T10:37:44Z,507.45,13.01688,77.66252,24.01,3.823,0
2285,2026-09-25T10:37:45Z,507.03,13.0169,77.66255,23.84,3.822,0
2286,2026-09-25T10:37:46Z,506.18,13.01692,77.66258,23.56,3.826,0
2287,2026-09-25T10:37:47Z,505.83,13.01694,77.66261,23.79,3.822,0
2288,2026-09-25T10:37:48Z,505.9,13.01696,77.66264,23.72,3.824,0
2289,2026-09-25T10:37:49Z,504.53,13.01698,77.66267,23.68,3.819,0
2290,2026-09-25T10:37:50Z,504.4,13.017,77.6627,23.64,3.819,0
2291,2026-09-25T10:37:51Z,504.52,13.01702,77.66273,23.7,3.823,0
2292,2026-09-25T10:37:52Z,504.0,13.01704,77.66276,23.89,3.817,0
2293,2026-09-25T10:37:53Z,503.0,13.01706,77.66279,23.92,3.826,0
2294,2026-09-25T10:37:54Z,503.09,13.01708,77.66282,23.89,3.823,0
2295,2026-09-25T10:37:55Z,502.61,13.0171,77.66285,23.96,3.824,0
2296,2026-09-25T10:37:56Z,501.98,13.01712,77.66288,23.65,3.823,0
2297,2026-09-25T10:37:57Z,501.58,13.01714,77.66291,23.56,3.818,0
2298,2026-09-25T10:37:58Z,501.07,13.01716,77.66294,23.53,3.819,0
2299,2026-09-25T10:37:59Z,501.0,13.01718,77.66297,23.65,3.817,0
2300,2026-09-25T10:38:00Z,499.62,13.0172,77.663,23.48,3.824,0
2301,2026-09-25T10:38:01Z,499.48,13.01722,77.66303,23.56,3.823,0
2302,2026-09-25T10:38:02Z,499.56,13.01724,77.66306,23.48,3.816,0
2303,2026-09-25T10:38:03Z,498.65,13.01726,77.66309,23.83,3.816,0
2304,2026-09-25T10:38:04Z,497.99,13.01728,77.66312,23.6,3.817,0
2305,2026-09-25T10:38:05Z,497.68,13.0173,77.66315,23.48,3.823,0
2306,2026-09-25T10:38:06Z,497.15,13.01732,77.66318,23.53,3.821,0
2307,2026-09-25T10:38:07Z,496.95,13.01734,77.66321,23.84,3.821,0
2308,2026-09-25T10:38:08Z,496.91,13.01736,77.66324,23.7,3.819,0
2309,2026-09-25T10:38:09Z,496.37,13.01738,77.66327,23.5,3.815,0
2310,2026-09-25T10:38:10Z,495.7,13.0174,77.6633,23.9,3.822,0
2311,2026-09-25T10:38:11Z,495.46,13.01742,77.66333,23.46,3.814,0
2312,2026-09-25T10:38:12Z,494.82,13.01744,77.66336,23.94,3.822,0
2313,2026-09-25T10:38:13Z,493.91,13.01746,77.66339,23.6,3.817,0
2314,2026-09-25T10:38:14Z,493.81,13.01748,77.66342,23.86,3.814,0
2315,2026-09-25T10:38:15Z,493.51,13.0175,77.66345,23.61,3.814,0
2316,2026-09-25T10:38:16Z,493.26,13.01752,77.66348,23.67,3.816,0
2317,2026-09-25T10:38:17Z,492.73,13.01754,77.66351,23.56,3.82,0
2318,2026-09-25T10:38:18Z,491.86,13.01756,77.66354,23.7,3.813,0
2319,2026-09-25T10:38:19Z,491.44,13.01758,77.66357,23.85,3.816,0
2320,2026-09-25T10:38:20Z,491.29,13.0176,77.6636,23.48,3.82,0
2321,2026-09-25T10:38:21Z,490.6,13.01762,77.66363,23.53,3.82,0
2322,2026-09-25T10:38:22Z,490.15,13.01764,77.66366,23.64,3.816,0
2323,2026-09-25T10:38:23Z,490.14,13.01766,77.66369,23.86,3.815,0
2324,2026-09-25T10:38:24Z,488.88,13.01768,77.66372,23.47,3.811,0
2325,2026-09-25T10:38:25Z,489.21,13.0177,77.66375,23.95,3.812,0
2326,2026-09-25T10:38:26Z,488.27,13.01772,77.66378,23.96,3.813,0
2327,2026-09-25T10:38:27Z,487.57,13.01774,77.66381,23.83,3.818,0
2328,2026-09-25T10:38:28Z,487.71,13.01776,77.66384,23.91,3.811,0
2329,2026-09-25T10:38:29Z,487.26,13.01778,77.66387,23.79,3.817,0
2330,2026-09-25T10:38:30Z,486.7,13.0178,77.6639,23.54,3.814,0
2331,2026-09-25T10:38:31Z,486.42,13.01782,77.66393,23.68,3.813,0
2332,2026-09-25T10:38:32Z,486.04,13.01784,77.66396,23.9,3.81,0
2333,2026-09-25T10:38:33Z,485.13,13.01786,77.66399,23.67,3.819,0
2334,2026-09-25T10:38:34Z,485.11,13.01788,77.66402,23.61,3.811,0
2335,2026-09-25T10:38:35Z,484.51,13.0179,77.66405,23.81,3.816,0
2336,2026-09-25T10:38:36Z,484.22,13.01792,77.66408,23.87,3.817,0
2337,2026-09-25T10:38:37Z,483.48,13.01794,77.66411,23.45,3.812,0
2338,2026-09-25T10:38:38Z,482.68,13.01796,77.66414,23.53,3.816,0
2339,2026-09-25T10:38:39Z,482.94,13.01798,77.66417,23.41,3.819,0
2340,2026-09-25T10:38:40Z,482.03,13.018,77.6642,23.38,3.814,0
2341,2026-09-25T10:38:41Z,481.83,13.01802,77.66423,23.77,3.81,0
2342,2026-09-25T10:38:42Z,480.9,13.01804,77.66426,23.8,3.814,0
2343,2026-09-25T10:38:43Z,480.67,13.01806,77.66429,23.77,3.815,0
2344,2026-09-25T10:38:44Z,480.98,13.01808,77.66432,23.38,3.809,0
2345,2026-09-25T10:38:45Z,479.92,13.0181,77.66435,23.68,3.811,0
2346,2026-09-25T10:38:46Z,479.16,13.01812,77.66438,23.69,3.808,0
2347,2026-09-25T10:38:47Z,478.96,13.01814,77.66441,23.74,3.812,0
2348,2026-09-25T10:38:48Z,479.2,13.01816,77.66444,23.77,3.817,0
2349,2026-09-25T10:38:48Z,479.2,13.01816,77.66444,23.87,3.816,0
2350,2026-09-25T10:38:49Z,478.35,13.01818,77.66447,23.83,3.813,0
2351,2026-09-25T10:38:50Z,477.87,13.0182,77.6645,23.65,3.811,0
2352,2026-09-25T10:38:51Z,477.18,13.01822,77.66453,23.75,3.814,0
2353,2026-09-25T10:38:52Z,477.13,13.01824,77.66456,23.71,3.811,0
2354,2026-09-25T10:38:53Z,476.27,13.01826,77.66459,23.48,3.812,0
2355,2026-09-25T10:38:54Z,476.4,13.01828,77.66462,23.49,3.807,0
2356,2026-09-25T10:38:55Z,475.85,13.0183,77.66465,23.77,3.807,0
2357,2026-09-25T10:38:56Z,474.76,13.01832,77.66468,23.79,3.811,0
2358,2026-09-25T10:38:57Z,474.71,13.01834,77.66471,23.48,3.811,0
2359,2026-09-25T10:38:58Z,474.42,13.01836,77.66474,23.57,3.809,0
2360,2026-09-25T10:38:59Z,473.65,13.01838,77.66477,23.55,3.809,0
2361,2026-09-25T10:39:00Z,473.39,13.0184,77.6648,23.81,3.81,0
2362,2026-09-25T10:39:01Z,473.48,13.01842,77.66483,23.74,3.806,0
2363,2026-09-25T10:39:02Z,472.2,13.01844,77.66486,23.67,3.806,0
2364,2026-09-25T10:39:03Z,472.33,13.01846,77.66489,23.76,3.806,0
2365,2026-09-25T10:39:04Z,471.4,13.01848,77.66492,23.52,3.811,0
2366,2026-09-25T10:39:05Z,471.7,13.0185,77.66495,23.45,3.814,0
2367,2026-09-25T10:39:06Z,470.92,13.01852,77.66498,23.48,3.805,0
2368,2026-09-25T10:39:07Z,470.45,13.01854,77.66501,23.24,3.806,0
2369,2026-09-25T10:39:08Z,469.81,13.01856,77.66504,23.81,3.807,0
2370,2026-09-25T10:39:09Z,469.49,13.01858,77.66507,23.69,3.805,0
2371,2026-09-25T10:39:10Z,469.16,13.0186,77.6651,23.24,3.812,0
2372,2026-09-25T10:39:11Z,469.02,13.01862,77.66513,23.34,3.811,0
2373,2026-09-25T10:39:12Z,468.18,13.01864,77.66516,23.28,3.806,0
2374,2026-09-25T10:39:13Z,468.13,13.01866,77.66519,23.45,3.809,0
2375,2026-09-25T10:39:14Z,467.39,13.01868,77.66522,23.74,3.811,0
2376,2026-09-25T10:39:15Z,466.86,13.0187,77.66525,23.63,3.809,0
2377,2026-09-25T10:39:16Z,466.71,13.01872,77.66528,23.49,3.807,0
2378,2026-09-25T10:39:17Z,465.96,13.01874,77.66531,23.46,3.811,0
2379,2026-09-25T10:39:18Z,465.4,13.01876,77.66534,23.66,3.809,0
2380,2026-09-25T10:39:19Z,465.05,13.01878,77.66537,23.32,3.806,0
2381,2026-09-25T10:39:20Z,464.74,13.0188,77.6654,23.75,3.811,0
2382,2026-09-25T10:39:21Z,464.51,13.01882,77.66543,23.56,3.811,0
2383,2026-09-25T10:39:22Z,464.04,13.01884,77.66546,23.51,3.809,0
2384,2026-09-25T10:39:23Z,463.61,13.01886,77.66549,23.51,3.802,0
2385,2026-09-25T10:39:24Z,463.02,13.01888,77.66552,23.28,3.807,0
2386,2026-09-25T10:39:25Z,462.61,13.0189,77.66555,23.19,3.807,0
2387,2026-09-25T10:39:26Z,461.78,13.01892,77.66558,23.45,3.81,0
2388,2026-09-25T10:39:27Z,461.28,13.01894,77.66561,23.71,3.803,0
2389,2026-09-25T10:39:28Z,460.74,13.01896,77.66564,23.62,3.802,0
2390,2026-09-25T10:39:29Z,461.0,13.01898,77.66567,23.68,3.804,0
2391,2026-09-25T10:39:30Z,460.66,13.019,77.6657,23.5,3.804,0
2392,2026-09-25T10:39:31Z,459.46,13.01902,77.66573,23.66,3.8,0
2393,2026-09-25T10:39:32Z,459.42,13.01904,77.66576,23.38,3.809,0
2394,2026-09-25T10:39:33Z,458.87,13.01906,77.66579,23.28,3.8,0
2395,2026-09-25T10:39:34Z,458.22,13.01908,77.66582,23.23,3.8,0
2396,2026-09-25T10:39:35Z,457.94,13.0191,77.66585,23.17,3.802,0
2397,2026-09-25T10:39:36Z,457.66,13.01912,77.66588,23.22,3.805,0
2398,2026-09-25T10:39:37Z,457.15,13.01914,77.66591,23.14,3.8,0
2399,2026-09-25T10:39:38Z,456.77,13.01916,77.66594,23.3,3.803,0
2400,2026-09-25T10:39:39Z,456.27,13.01918,77.66597,23.34,3.807,0
2401,2026-09-25T10:39:40Z,455.64,13.0192,77.666,23.23,3.806,0
2402,2026-09-25T10:39:41Z,455.68,13.01922,77.66603,23.4,3.806,0
2403,2026-09-25T10:39:42Z,455.04,13.01924,77.66606,23.17,3.799,0
2404,2026-09-25T10:39:43Z,454.68,13.01926,77.66609,23.33,3.803,0
2405,2026-09-25T10:39:44Z,454.2,13.01928,77.66612,23.23,3.807,0
2406,2026-09-25T10:39:45Z,453.63,13.0193,77.66615,23.67,3.805,0
2407,2026-09-25T10:39:46Z,453.17,13.01932,77.66618,23.41,3.805,0
2408,2026-09-25T10:39:47Z,452.79,13.01934,77.66621,23.32,3.798,0
2409,2026-09-25T10:39:48Z,452.7,13.01936,77.66624,23.2,3.807,0
2410,2026-09-25T10:39:49Z,452.0,13.01938,77.66627,23.66,3.805,0
2411,2026-09-25T10:39:50Z,451.74,13.0194,77.6663,23.32,3.806,0
2412,2026-09-25T10:39:51Z,451.22,13.01942,77.66633,23.07,3.802,0
2413,2026-09-25T10:39:52Z,451.17,13.01944,77.66636,23.23,3.806,0
2414,2026-09-25T10:39:53Z,449.91,13.01946,77.66639,23.62,3.801,0
2415,2026-09-25T10:39:54Z,450.07,13.01948,77.66642,23.56,3.8,0
2416,2026-09-25T10:39:55Z,449.39,13.0195,77.66645,23.43,3.802,0
2417,2026-09-25T10:39:56Z,449.12,13.01952,77.66648,23.08,3.803,0
2418,2026-09-25T10:39:57Z,448.74,13.01954,77.66651,23.22,3.799,0
2419,2026-09-25T10:39:58Z,447.87,13.01956,77.66654,23.12,3.801,0
2420,2026-09-25T10:39:59Z,447.6,13.01958,77.66657,23.3,3.801,0
2421,2400s,447.85,13.0196,77.6666,23.22,3.802,0
2422,2401s,446.8,13.01962,77.66663,23.19,3.803,0
2423,2402s,446.48,13.01964,77.66666,23.18,3.805,0
2424,2403s,445.94,13.01966,77.66669,23.3,3.801,0
2425,2404s,445.2,13.01968,77.66672,23.44,3.8,0
2426,2405s,444.75,13.0197,77.66675,23.31,3.803,0
2427,2406s,444.99,13.01972,77.66678,23.26,3.803,0
2428,2407s,444.59,13.01974,77.66681,23.47,3.799,0
2429,2408s,444.25,13.01976,77.66684,23.39,3.795,0
2430,2409s,443.06,13.01978,77.66687,23.5,3.801,0
2431,2410s,443.27,13.0198,77.6669,23.21,3.801,0
2432,2411s,443.0,13.01982,77.66693,23.2,3.795,0
2433,2412s,442.52,13.01984,77.66696,23.41,3.793,0
2434,2413s,441.78,13.01986,77.66699,23.55,3.797,0
2435,2414s,441.11,13.01988,77.66702,22.99,3.796,0
2436,2415s,441.38,13.0199,77.66705,23.19,3.794,0
2437,2416s,440.64,13.01992,77.66708,23.16,3.799,0
2438,2417s,439.84,13.01994,77.66711,23.27,3.796,0
2439,2418s,439.46,13.01996,77.66714,23.51,3.799,0
2440,2419s,438.96,13.01998,77.66717,23.08,3.8,0
2441,2420s,438.73,13.02,77.6672,23.48,3.798,0
2442,2421s,438.39,13.02002,77.66723,23.29,3.798,0
2443,2422s,438.04,13.02004,77.66726,23.36,3.797,0
2444,2423s,437.12,13.02006,77.66729,23.03,3.792,0
2445,2424s,436.88,13.02008,77.66732,23.29,3.793,0
2446,2425s,436.71,13.0201,77.66735,23.41,3.793,0
2447,2426s,436.45,13.02012,77.66738,23.54,3.798,0
2448,2427s,435.87,13.02014,77.66741,23.09,3.797,0
2449,2428s,435.36,13.02016,77.66744,23.49,3.796,0
2450,2429s,435.43,13.02018,77.66747,22.96,3.799,0
2451,2430s,434.49,13.0202,77.6675,23.53,3.793,0
2452,2431s,434.32,13.02022,77.66753,23.2,3.794,0
2453,2432s,433.97,13.02024,77.66756,23.45,3.792,0
2454,2433s,433.07,13.02026,77.66759,23.16,3.794,0
2455,2434s,432.37,13.02028,77.66762,23.03,3.79,0
2456,2435s,432.51,13.0203,77.66765,22.93,3.796,0
2457,2436s,432.49,13.02032,77.66768,23.15,3.79,0
2458,2437s,431.34,13.02034,77.66771,23.0,3.792,0
2459,2438s,431.29,13.02036,77.66774,22.96,3.794,0
2460,2439s,431.05,13.02038,77.66777,23.25,3.795,0
2461,2440s,430.14,13.0204,77.6678,23.04,3.789,0
2462,2441s,429.63,13.02042,77.66783,23.09,3.789,0
2463,2442s,429.3,13.02044,77.66786,23.36,3.797,0
2464,2443s,429.32,13.02046,77.66789,23.25,3.796,0
2465,2444s,428.75,13.02048,77.66792,23.22,3.789,0
2466,2445s,427.75,13.0205,77.66795,22.89,3.791,0
2467,2446s,428.12,13.02052,77.66798,22.91,3.788,0
2468,2447s,427.77,13.02054,77.66801,23.13,3.79,0
2469,2448s,427.05,13.02056,77.66804,22.9,3.794,0
2470,2449s,426.56,13.02058,77.66807,23.04,3.791,0
2471,2450s,425.68,13.0206,77.6681,23.3,3.789,0
2472,2451s,425.75,13.02062,77.66813,23.25,3.787,0
2473,2452s,425.11,13.02064,77.66816,23.33,3.795,0
2474,2453s,424.93,13.02066,77.66819,23.04,3.795,0
2475,2454s,424.67,13.02068,77.66822,23.11,3.789,0
2476,2455s,423.66,13.0207,77.66825,22.89,3.792,0
2477,2456s,423.11,13.02072,77.66828,23.3,3.788,0
2478,2457s,423.19,13.02074,77.66831,23.21,3.789,0
2479,2458s,422.62,13.02076,77.66834,23.25,3.789,0
2480,2459s,422.02,13.02078,77.66837,23.3,3.786,0
2481,2460s,421.67,13.0208,77.6684,23.08,3.795,0
2482,2461s,421.68,13.02082,77.66843,23.0,3.794,0
2483,2462s,421.29,13.02084,77.66846,22.9,3.788,0
2484,2463s,420.43,13.02086,77.66849,23.03,3.785,0
2485,2464s,420.26,13.02088,77.66852,23.21,3.785,0
2486,2465s,419.76,13.0209,77.66855,23.3,3.793,0
2487,2466s,419.25,13.02092,77.66858,22.91,3.786,0
2488,2467s,419.32,13.02094,77.66861,23.26,3.787,0
2489,2468s,418.66,13.02096,77.66864,23.21,3.794,0
2490,2469s,418.17,13.02098,77.66867,22.98,3.789,0
2491,2470s,418.11,13.021,77.6687,23.15,3.787,0
2492,2471s,416.89,13.02102,77.66873,23.05,3.791,0
2493,2472s,416.35,13.02104,77.66876,22.9,3.783,0
2494,2473s,416.11,13.02106,77.66879,22.91,3.789,0
2495,2474s,415.71,13.02108,77.66882,23.21,3.793,0
2496,2475s,415.38,13.0211,77.66885,23.2,3.785,0
2497,2476s,414.81,13.02112,77.66888,23.35,3.786,0
2498,2477s,414.28,13.02114,77.66891,22.78,3.783,0
2499,2478s,414.08,13.02116,77.66894,22.87,3.788,0
2500,2479s,414.14,13.02118,77.66897,22.78,3.782,0
2501,2480s,413.15,13.0212,77.669,22.84,3.791,0
2502,2481s,413.25,13.02122,77.66903,22.94,3.788,0
2503,2482s,412.29,13.02124,77.66906,22.75,3.789,0
2504,2483s,412.6,13.02126,77.66909,22.74,3.788,0
2505,2484s,411.66,13.02128,77.66912,23.2,3.782,0
2506,2485s,411.8,13.0213,77.66915,22.91,3.783,0
2507,2486s,411.25,13.02132,77.66918,23.12,3.79,0
2508,2487s,411.0,13.02134,77.66921,23.32,3.79,0
2509,2488s,410.48,13.02136,77.66924,22.76,3.781,0
2510,2489s,410.1,13.02138,77.66927,23.19,3.782,0
2511,2490s,409.15,13.0214,77.6693,22.93,3.786,0
2512,2491s,409.33,13.02142,77.66933,22.85,3.78,0
2513,2492s,408.55,13.02144,77.66936,22.81,3.785,0
2514,2493s,408.3,13.02146,77.66939,22.9,3.781,0
2515,2494s,407.9,13.02148,77.66942,23.21,3.788,0
2516,2495s,407.65,13.0215,77.66945,23.22,3.781,0
2517,2496s,406.34,13.02152,77.66948,22.97,3.786,0
2518,2497s,405.91,13.02154,77.66951,22.99,3.787,0
2519,2498s,406.08,13.02156,77.66954,22.99,3.784,0
2520,2499s,405.47,13.02158,77.66957,22.87,3.783,0
2521,2500s,405.29,13.0216,77.6696,23.1,3.783,0
2522,2501s,404.45,13.02162,77.66963,22.91,3.787,0
2523,2502s,404.34,13.02164,77.66966,22.68,3.78,0
2524,2503s,403.55,13.02166,77.66969,23.18,3.782,0
2525,2503s,403.55,13.02166,77.66969,23.28,3.781,0
2526,2504s,403.24,13.02168,77.66972,23.19,3.784,0
2527,2505s,403.46,13.0217,77.66975,22.87,3.784,0
2528,2506s,402.23,13.02172,77.66978,22.7,3.781,0
2529,2507s,402.03,13.02174,77.66981,23.0,3.782,0
2530,2508s,401.89,13.02176,77.66984,22.9,3.782,0
2531,2509s,401.26,13.02178,77.66987,23.12,3.78,0
2532,2510s,400.82,13.0218,77.6699,22.75,3.779,0
2533,2511s,400.67,13.02182,77.66993,22.85,3.778,0
2534,2512s,400.45,13.02184,77.66996,22.94,3.782,0
2535,2513s,399.98,13.02186,77.66999,23.19,3.777,0
2536,2514s,398.85,13.02188,77.67002,22.64,3.778,0
2537,2515s,398.56,13.0219,77.67005,22.82,3.779,0
2538,2516s,398.77,13.02192,77.67008,23.02,3.779,0
2539,2517s,398.25,13.02194,77.67011,23.21,3.785,0
2540,2518s,397.87,13.02196,77.67014,23.05,3.784,0
2541,2519s,396.72,13.02198,77.67017,22.78,3.783,0
2542,2520s,397.07,13.022,77.6702,22.84,3.779,0
2543,2521s,396.46,13.02202,77.67023,22.99,3.78,0
2544,2522s,395.97,13.02204,77.67026,23.05,3.776,0
2545,2523s,395.45,13.02206,77.67029,22.73,3.782,0
2546,2524s,395.11,13.02208,77.67032,22.9,3.782,0
2547,2525s,394.98,13.0221,77.67035,23.01,3.779,0
2548,2526s,394.6,13.02212,77.67038,22.77,3.776,0
2549,2527s,394.17,13.02214,77.67041,22.99,3.776,0
2550,2528s,393.43,13.02216,77.67044,22.91,3.778,0
2551,2529s,393.15,13.02218,77.67047,22.65,3.783,0
2552,2530s,392.17,13.0222,77.6705,23.05,3.781,0
2553,2531s,392.09,13.02222,77.67053,22.81,3.78,0
2554,2532s,391.73,13.02224,77.67056,23.03,3.778,0
2555,2533s,391.25,13.02226,77.67059,22.56,3.781,0
2556,2534s,391.43,13.02228,77.67062,22.64,3.783,0
2557,2535s,390.43,13.0223,77.67065,22.93,3.779,0
2558,2536s,390.29,13.02232,77.67068,23.06,3.782,0
2559,2537s,389.47,13.02234,77.67071,22.77,3.777,0
2560,2538s,389.05,13.02236,77.67074,22.61,3.778,0
2561,2539s,388.9,13.02238,77.67077,23.07,3.773,0
2562,2540s,388.14,13.0224,77.6708,22.86,3.772,0
2563,2541s,388.32,13.02242,77.67083,22.81,3.774,0
2564,2542s,387.28,13.02244,77.67086,23.1,3.774,0
2565,2543s,387.03,13.02246,77.67089,22.92,3.772,0
2566,2544s,386.45,13.02248,77.67092,22.82,3.773,0
2567,2545s,386.84,13.0225,77.67095,22.76,3.773,0
2568,2546s,385.68,13.02252,77.67098,22.83,3.776,0
2569,2547s,385.23,13.02254,77.67101,23.07,3.78,0
2570,2548s,384.88,13.02256,77.67104,22.62,3.774,0
2571,2549s,385.05,13.02258,77.67107,22.78,3.776,0
2572,2550s,384.87,13.0226,77.6711,22.84,3.775,0
2573,2551s,384.2,13.02262,77.67113,22.66,3.77,0
2574,2552s,383.25,13.02264,77.67116,22.52,3.774,0
2575,2553s,383.51,13.02266,77.67119,22.8,3.779,0
2576,2554s,383.17,13.02268,77.67122,22.76,3.775,0
2577,2555s,382.62,13.0227,77.67125,22.64,3.778,0
2578,2556s,381.93,13.02272,77.67128,22.89,3.776,0
2579,2557s,381.36,13.02274,77.67131,22.84,3.777,0
2580,2558s,380.83,13.02276,77.67134,22.61,3.778,0
2581,2559s,380.97,13.02278,77.67137,22.73,3.778,0
2582,2560s,380.01,13.0228,77.6714,22.8,3.772,0
2583,2561s,380.37,13.02282,77.67143,22.59,3.777,0
2584,2562s,379.28,13.02284,77.67146,22.83,3.771,0
2585,2563s,379.52,13.02286,77.67149,22.86,3.775,0
2586,2564s,378.41,13.02288,77.67152,22.74,3.778,0
2587,2565s,378.34,13.0229,77.67155,23.04,3.768,0
2588,2566s,377.49,13.02292,77.67158,22.89,3.77,0
2589,2567s,377.42,13.02294,77.67161,22.58,3.772,0
2590,2568s,377.02,13.02296,77.67164,22.47,3.774,0
2591,2569s,376.9,13.02298,77.67167,22.65,3.774,0
2592,2570s,376.6,13.023,77.6717,22.66,3.767,0
2593,2571s,375.45,13.02302,77.67173,22.97,3.77,0
2594,2572s,375.68,13.02304,77.67176,22.7,3.767,0
2595,2573s,375.07,13.02306,77.67179,22.56,3.776,0
2596,2574s,374.25,13.02308,77.67182,22.89,3.774,0
2597,2575s,373.87,13.0231,77.67185,22.41,3.767,0
2598,2576s,373.59,13.02312,77.67188,22.72,3.77,0
2599,2577s,372.97,13.02314,77.67191,22.85,3.773,0
2600,2578s,372.63,13.02316,77.67194,22.6,3.767,0
2601,2579s,372.11,13.02318,77.67197,22.8,3.767,0
2602,2580s,372.37,13.0232,77.672,22.88,3.773,0
2603,2581s,371.9,13.02322,77.67203,22.81,3.774,0
2604,2582s,371.24,13.02324,77.67206,22.56,3.766,0
2605,2583s,370.45,13.02326,77.67209,22.83,3.773,0
2606,2584s,370.97,13.02328,77.67212,22.59,3.766,0
2607,2585s,369.73,13.0233,77.67215,22.62,3.774,0
2608,2586s,369.57,13.02332,77.67218,22.48,3.771,0
2609,2587s,369.04,13.02334,77.67221,22.89,3.772,0
2610,2588s,369.25,13.02336,77.67224,22.45,3.766,0
2611,2589s,368.43,13.02338,77.67227,22.41,3.767,0
2612,2590s,368.16,13.0234,77.6723,22.46,3.765,0
2613,2591s,367.74,13.02342,77.67233,22.9,3.764,0
2614,2592s,367.0,13.02344,77.67236,22.55,3.765,0
2615,2593s,366.79,13.02346,77.67239,22.53,3.767,0
2616,2594s,366.44,13.02348,77.67242,22.37,3.771,0
2617,2595s,366.23,13.0235,77.67245,22.55,3.764,0
2618,2596s,365.39,13.02352,77.67248,22.51,3.768,0
2619,2597s,365.75,13.02354,77.67251,22.38,3.767,0
2620,2598s,365.35,13.02356,77.67254,22.83,3.764,0
2621,2599s,364.92,13.02358,77.67257,22.67,3.772,0
2622,2600s,364.25,13.0236,77.6726,22.72,3.772,0
2623,2601s,363.84,13.02362,77.67263,22.51,3.768,0
2624,2602s,363.62,13.02364,77.67266,22.49,3.77,0
2625,2603s,362.82,13.02366,77.67269,22.5,3.767,0
2626,2604s,362.52,13.02368,77.67272,22.53,3.767,0
2627,2605s,361.76,13.0237,77.67275,22.64,3.771,0
2628,2606s,361.36,13.02372,77.67278,22.66,3.77,0
2629,2607s,361.03,13.02374,77.67281,22.73,3.769,0
2630,2608s,360.94,13.02376,77.67284,22.32,3.764,0
2631,2609s,360.21,13.02378,77.67287,22.37,3.762,0
2632,2610s,359.55,13.0238,77.6729,22.82,3.766,0
2633,2611s,360.06,13.02382,77.67293,22.71,3.763,0
2634,2612s,358.98,13.02384,77.67296,22.66,3.768,0
2635,2613s,358.82,13.02386,77.67299,22.85,3.765,0
2636,2614s,358.19,13.02388,77.67302,22.27,3.767,0
2637,2614s,358.19,13.02388,77.67302,22.37,3.766,0
2638,2615s,357.82,13.0239,77.67305,22.41,3.764,0
2639,2616s,358.0,13.02392,77.67308,22.65,3.761,0
2640,2617s,357.38,13.02394,77.67311,22.68,3.765,0
2641,2618s,356.67,13.02396,77.67314,22.44,3.763,0
2642,2619s,355.89,13.02398,77.67317,22.76,3.76,0
2643,2620s,355.67,13.024,77.6732,22.62,3.759,0
2644,2621s,355.28,13.02402,77.67323,22.3,3.764,0
2645,2622s,355.51,13.02404,77.67326,22.79,3.76,0
2646,2623s,354.35,13.02406,77.67329,22.66,3.761,0
2647,2624s,354.59,13.02408,77.67332,22.37,3.76,0
2648,2625s,353.72,13.0241,77.67335,22.39,3.762,0
2649,2626s,353.71,13.02412,77.67338,22.38,3.765,0
2650,2627s,352.75,13.02414,77.67341,22.79,3.761,0
2651,2628s,352.43,13.02416,77.67344,22.47,3.762,0
2652,2629s,352.59,13.02418,77.67347,22.67,3.765,0
2653,2630s,352.25,13.0242,77.6735,22.21,3.761,0
2654,2631s,351.91,13.02422,77.67353,22.66,3.766,0
2655,2632s,351.26,13.02424,77.67356,22.29,3.763,0
2656,2633s,350.52,13.02426,77.67359,22.47,3.761,0
2657,2634s,350.24,13.02428,77.67362,22.55,3.757,0
2658,2635s,349.59,13.0243,77.67365,22.46,3.758,0
2659,2636s,349.24,13.02432,77.67368,22.19,3.761,0
2660,2637s,349.38,13.02434,77.67371,22.47,3.765,0
2661,2638s,349.19,13.02436,77.67374,22.75,3.759,0
2662,2639s,348.34,13.02438,77.67377,22.55,3.761,0
2663,2640s,347.86,13.0244,77.6738,22.19,3.764,0
2664,2641s,347.43,13.02442,77.67383,22.5,3.757,0
2665,2642s,347.09,13.02444,77.67386,22.31,3.764,0
2666,2643s,346.97,13.02446,77.67389,22.47,3.76,0
2667,2644s,346.54,13.02448,77.67392,22.57,3.761,0
2668,2645s,346.38,13.0245,77.67395,22.59,3.756,0
2669,2646s,345.08,13.02452,77.67398,22.64,3.76,0
2670,2647s,345.33,13.02454,77.67401,22.56,3.76,0
2671,2648s,344.51,13.02456,77.67404,22.41,3.761,0
2672,2649s,344.1,13.02458,77.67407,22.49,3.764,0
2673,2650s,344.29,13.0246,77.6741,22.14,3.761,0
2674,2651s,343.69,13.02462,77.67413,22.68,3.757,0
2675,2652s,343.24,13.02464,77.67416,22.66,3.758,0
2676,2653s,342.45,13.02466,77.67419,22.37,3.761,0
2677,2654s,342.11,13.02468,77.67422,22.3,3.763,0
2678,2655s,342.12,13.0247,77.67425,22.34,3.756,0
2679,2656s,341.47,13.02472,77.67428,22.64,3.759,0
2680,2657s,340.75,13.02474,77.67431,22.49,3.76,0
2681,2658s,340.6,13.02476,77.67434,22.19,3.759,0
2682,2659s,340.79,13.02478,77.67437,22.34,3.755,0
2683,2660s,340.45,13.0248,77.6744,22.58,3.752,0
2684,2661s,339.14,13.02482,77.67443,22.51,3.757,0
2685,2662s,339.32,13.02484,77.67446,22.53,3.753,0
2686,2663s,338.64,13.02486,77.67449,22.5,3.753,0
2687,2664s,338.05,13.02488,77.67452,22.65,3.756,0
2688,2665s,338.28,13.0249,77.67455,22.19,3.752,0
2689,2666s,337.26,13.02492,77.67458,22.53,3.754,0
2690,2667s,337.58,13.02494,77.67461,22.32,3.757,0
2691,2668s,336.9,13.02496,77.67464,22.59,3.752,0
2692,2669s,336.17,13.02498,77.67467,22.29,3.753,0
2693,2670s,335.83,13.025,77.6747,22.41,3.755,0
2694,2671s,335.76,13.02502,77.67473,22.11,3.751,0
2695,2672s,335.44,13.02504,77.67476,22.05,3.756,0
2696,2673s,335.29,13.02506,77.67479,22.11,3.755,0
2697,2674s,333.91,13.02508,77.67482,22.4,3.759,0
2698,2675s,334.26,13.0251,77.67485,22.6,3.754,0
2699,2676s,333.45,13.02512,77.67488,22.3,3.753,0
2700,2677s,333.6,13.02514,77.67491,22.63,3.757,0
2701,2678s,333.25,13.02516,77.67494,22.43,3.753,0
2702,2679s,331.98,13.02518,77.67497,22.24,3.752,0
2703,2680s,331.62,13.0252,77.675,22.29,3.755,0
2704,2681s,331.85,13.02522,77.67503,22.55,3.749,0
2705,2682s,331.33,13.02524,77.67506,22.53,3.751,0
2706,2683s,331.03,13.02526,77.67509,22.5,3.752,0
2707,2684s,330.56,13.02528,77.67512,22.41,3.753,0
2708,2685s,329.95,13.0253,77.67515,22.11,3.758,0
2709,2686s,330.1,13.02532,77.67518,22.49,3.747,0
2710,2687s,329.11,13.02534,77.67521,22.03,3.755,0
2711,2688s,328.68,13.02536,77.67524,22.26,3.753,0
2712,2689s,328.36,13.02538,77.67527,22.36,3.748,0
2713,2690s,327.99,13.0254,77.6753,22.55,3.756,0
2714,2691s,328.16,13.02542,77.67533,22.49,3.756,0
2715,2692s,327.5,13.02544,77.67536,22.16,3.748,0
2716,2693s,326.52,13.02546,77.67539,22.29,3.752,0
2717,2694s,326.84,13.02548,77.67542,22.27,3.747,0
2718,2695s,326.39,13.0255,77.67545,22.15,3.753,0
2719,2696s,325.74,13.02552,77.67548,22.48,3.748,0
2720,2697s,325.25,13.02554,77.67551,22.03,3.753,0
2721,2698s,324.64,13.02556,77.67554,22.09,3.753,0
2722,2699s,324.67,13.02558,77.67557,22.0,3.749,0
2723,2700s,324.33,13.0256,77.6756,22.05,3.754,0
2724,2701s,324.51,13.02562,77.67563,22.41,3.747,0
2725,2702s,323.87,13.02564,77.67566,22.23,3.754,0
2726,2703s,323.73,13.02566,77.67569,22.02,3.75,0
2727,2704s,324.34,13.02568,77.67572,21.99,3.751,0
2728,2705s,324.48,13.0257,77.67575,22.49,3.752,0
2729,2706s,324.21,13.02572,77.67578,22.32,3.748,0
2730,2707s,324.33,13.02574,77.67581,22.36,3.748,0
2731,2708s,324.25,13.02576,77.67584,22.26,3.753,0
2732,2709s,324.42,13.02578,77.67587,22.05,3.745,0
2733,2710s,323.7,13.0258,77.6759,21.96,3.75,0
2734,2711s,324.55,13.02582,77.67593,22.36,3.744,0
2735,2711s,324.55,13.02582,77.67593,22.46,3.743,0
2736,2712s,323.98,13.02584,77.67596,22.42,3.753,0
2737,2713s,324.19,13.02586,77.67599,21.9,3.744,0
2738,2714s,324.15,13.02588,77.67602,22.41,3.753,0
2739,2715s,323.93,13.0259,77.67605,22.12,3.75,0
2740,2716s,324.41,13.02592,77.67608,22.2,3.748,0
2741,2717s,323.83,13.02594,77.67611,22.13,3.747,0
2742,2718s,324.07,13.02596,77.67614,21.98,3.751,0
2743,2719s,324.45,13.02598,77.67617,22.18,3.747,0
2744,2720s,324.21,13.026,77.6762,21.97,3.749,0
2745,2721s,324.41,13.02602,77.67623,22.29,3.748,0
2746,2722s,323.92,13.02604,77.67626,22.46,3.742,0
2747,2723s,324.61,13.02606,77.67629,22.29,3.746,0
2748,2724s,324.44,13.02608,77.67632,22.16,3.748,0
2749,2725s,323.99,13.0261,77.67635,22.45,3.744,0
2750,2726s,324.44,13.02612,77.67638,21.99,3.748,0
2751,2727s,324.42,13.02614,77.67641,22.27,3.742,0
2752,2728s,324.48,13.02616,77.67644,21.96,3.745,0
2753,2729s,324.0,13.02618,77.67647,22.44,3.747,0
2754,2730s,324.46,13.0262,77.6765,22.43,3.745,0
2755,2731s,323.95,13.02622,77.67653,22.25,3.75,0
2756,2732s,324.37,13.02624,77.67656,22.06,3.745,0
2757,2733s,323.89,13.02626,77.67659,22.25,3.742,0
2758,2734s,324.47,13.02628,77.67662,22.07,3.74,0
2759,2735s,324.36,13.0263,77.67665,22.17,3.747,0
2760,2736s,324.46,13.02632,77.67668,22.25,3.744,0
2761,2737s,323.77,13.02634,77.67671,21.9,3.746,0
2762,2738s,323.9,13.02636,77.67674,21.9,3.741,0
2763,2739s,324.36,13.02638,77.67677,22.25,3.739,0
2764,2740s,324.34,13.0264,77.6768,22.16,3.745,0
2765,2741s,324.6,13.02642,77.67683,21.89,3.748,0
2766,2742s,324.04,13.02644,77.67686,22.3,3.747,0
2767,2743s,323.71,13.02646,77.67689,22.37,3.74,0
2768,2744s,323.66,13.02648,77.67692,22.38,3.745,0
2769,2745s,324.2,13.0265,77.67695,22.37,3.744,0
2770,2746s,324.01,13.02652,77.67698,21.8,3.739,0
2771,2747s,324.1,13.02654,77.67701,22.19,3.747,0
2772,2748s,324.26,13.02656,77.67704,22.01,3.744,0
2773,2749s,324.41,13.02658,77.67707,22.17,3.745,0
2774,2750s,324.47,13.0266,77.6771,22.16,3.74,0
2775,2751s,324.26,13.02662,77.67713,21.99,3.738,0
2776,2752s,323.69,13.02664,77.67716,22.05,3.743,0
2777,2753s,324.12,13.02666,77.67719,21.77,3.742,0
2778,2754s,324.18,13.02668,77.67722,21.91,3.743,0
2779,2755s,324.4,13.0267,77.67725,21.86,3.741,0
2780,2756s,324.25,13.02672,77.67728,22.01,3.742,0
2781,2757s,323.71,13.02674,77.67731,21.78,3.744,0
2782,2758s,324.41,13.02676,77.67734,21.85,3.743,0
2783,2759s,323.63,13.02678,77.67737,22.07,3.74,0
2784,2760s,324.42,13.0268,77.6774,22.02,3.74,0
2785,2761s,324.19,13.02682,77.67743,22.16,3.743,0
2786,2762s,323.73,13.02684,77.67746,22.18,3.745,0
2787,2763s,324.51,13.02686,77.67749,21.83,3.741,0
2788,2764s,323.79,13.02688,77.67752,22.05,3.742,0
2789,2765s,323.73,13.0269,77.67755,21.8,3.736,0
2790,2766s,323.77,13.02692,77.67758,22.05,3.743,0
2791,2767s,323.65,13.02694,77.67761,22.3,3.739,0
2792,2768s,323.97,13.02696,77.67764,22.03,3.738,0
2793,2769s,324.56,13.02698,77.67767,21.7,3.737,0
2794,2770s,324.56,13.027,77.6777,22.01,3.741,0
2795,2771s,324.27,13.02702,77.67773,21.96,3.739,0
2796,2772s,324.31,13.02704,77.67776,22.0,3.743,0
2797,2773s,323.96,13.02706,77.67779,22.01,3.735,0
2798,2774s,323.71,13.02708,77.67782,22.17,3.735,0
2799,2775s,323.8,13.0271,77.67785,21.86,3.741,0
2800,2776s,324.57,13.02712,77.67788,22.04,3.734,0
2801,2777s,323.97,13.02714,77.67791,21.75,3.738,0
2802,2778s,323.68,13.02716,77.67794,21.82,3.736,0
2803,2779s,324.51,13.02718,77.67797,21.9,3.733,0
2804,2780s,323.86,13.0272,77.678,21.92,3.739,0
2805,2781s,324.15,13.02722,77.67803,21.7,3.739,0
2806,2782s,324.61,13.02724,77.67806,22.07,3.733,0
2807,2783s,323.98,13.02726,77.67809,22.04,3.739,0
2808,2783s,323.98,13.02726,77.67809,22.14,3.738,0
2809,2784s,324.21,13.02728,77.67812,21.9,3.733,0
2810,2785s,324.6,13.0273,77.67815,21.9,3.731,0
2811,2786s,324.21,13.02732,77.67818,21.69,3.732,0
2812,2787s,323.72,13.02734,77.67821,21.97,3.732,0
2813,2788s,324.25,13.02736,77.67824,21.85,3.733,0
2814,2789s,323.88,13.02738,77.67827,22.15,3.732,0
2815,2790s,323.62,13.0274,77.6783,21.86,3.74,0
2816,2791s,323.99,13.02742,77.67833,21.68,3.739,0
2817,2792s,323.79,13.02744,77.67836,22.06,3.733,0
2818,2793s,324.43,13.02746,77.67839,21.9,3.735,0
2819,2794s,324.31,13.02748,77.67842,22.13,3.735,0
2820,2795s,324.22,13.0275,77.67845,22.15,3.731,0
2821,2796s,324.56,13.02752,77.67848,21.83,3.732,0
2822,2797s,324.35,13.02754,77.67851,22.18,3.734,0
2823,2798s,324.2,13.02756,77.67854,22.11,3.734,0
2824,2799s,323.74,13.02758,77.67857,21.6,3.734,0
2825,2800s,323.77,13.0276,77.6786,21.67,3.732,0
2826,2801s,324.35,13.02762,77.67863,21.62,3.735,0
2827,2802s,324.58,13.02764,77.67866,22.0,3.73,0
2828,2803s,324.22,13.02766,77.67869,22.0,3.73,0
2829,2804s,324.6,13.02768,77.67872,22.05,3.733,0
2830,2805s,323.89,13.0277,77.67875,21.83,3.736,0
2831,2806s,324.49,13.02772,77.67878,22.06,3.73,0
2832,2807s,324.47,13.02774,77.67881,22.13,3.731,0
2833,2808s,323.92,13.02776,77.67884,21.61,3.728,0
2834,2809s,324.34,13.02778,77.67887,22.13,3.729,0
2835,2810s,323.67,13.0278,77.6789,22.0,3.733,0
2836,2811s,324.1,13.02782,77.67893,22.07,3.737,0
2837,2812s,324.03,13.02784,77.67896,21.86,3.733,0
2838,2813s,324.09,13.02786,77.67899,21.85,3.736,0
2839,2814s,324.5,13.02788,77.67902,21.96,3.73,0
2840,2815s,324.23,13.0279,77.67905,22.08,3.733,0
2841,2816s,324.32,13.02792,77.67908,21.95,3.733,0
2842,2817s,323.85,13.02794,77.67911,21.97,3.736,0
2843,2818s,324.43,13.02796,77.67914,22.05,3.73,0
2844,2819s,324.22,13.02798,77.67917,21.88,3.735,0
2845,2820s,324.28,13.028,77.6792,22.05,3.73,0
2846,2821s,323.84,13.02802,77.67923,21.56,3.733,0
2847,2821s,323.84,13.02802,77.67923,21.66,3.732,0
2848,2822s,324.12,13.02804,77.67926,22.08,3.729,0
2849,2823s,323.99,13.02806,77.67929,21.73,3.726,0
2850,2824s,324.52,13.02808,77.67932,21.65,3.729,0
2851,2825s,324.38,13.0281,77.67935,21.57,3.727,0
2852,2826s,323.9,13.02812,77.67938,21.63,3.731,0
2853,2827s,324.18,13.02814,77.67941,21.62,3.727,0
2854,2828s,324.54,13.02816,77.67944,21.88,3.732,0
2855,2829s,323.65,13.02818,77.67947,21.76,3.73,0
2856,2830s,324.1,13.0282,77.6795,21.69,3.729,0
2857,2831s,323.94,13.02822,77.67953,21.69,3.723,0
2858,2832s,324.5,13.02824,77.67956,21.58,3.727,0
2859,2833s,323.71,13.02826,77.67959,21.77,3.724,0
2860,2834s,324.12,13.02828,77.67962,21.56,3.724,0
2861,2835s,324.1,13.0283,77.67965,21.55,3.73,0
2862,2836s,323.84,13.02832,77.67968,21.7,3.725,0
2863,2837s,324.04,13.02834,77.67971,21.57,3.73,0
2864,2838s,323.72,13.02836,77.67974,21.71,3.73,0
2865,2839s,323.77,13.02838,77.67977,21.66,3.726,0
2866,2840s,323.97,13.0284,77.6798,21.96,3.724,0
2867,2841s,323.8,13.02842,77.67983,21.46,3.726,0
2868,2842s,324.35,13.02844,77.67986,21.98,3.723,0
2869,2843s,323.81,13.02846,77.67989,21.72,3.728,0
2870,2844s,323.88,13.02848,77.67992,21.68,3.727,0
2871,2845s,324.41,13.0285,77.67995,21.86,3.724,0
2872,2846s,324.37,13.02852,77.67998,21.95,3.726,0
2873,2847s,324.53,13.02854,77.68001,21.93,3.725,0
2874,2848s,323.72,13.02856,77.68004,21.48,3.72,0
2875,2849s,323.77,13.02858,77.68007,21.71,3.728,0
2876,2850s,323.85,13.0286,77.6801,21.82,3.723,0
2877,2851s,266.13,13.02862,77.68013,21.84,3.724,0
2878,2852s,265.06,13.02864,77.68016,21.69,3.728,0
2879,2852s,265.06,13.02864,77.68016,21.79,3.727,0
2880,2853s,264.64,13.02866,77.68019,21.49,3.725,0
2881,2854s,264.26,13.02868,77.68022,21.85,3.728,0
2882,2855s,264.62,13.0287,77.68025,21.54,3.727,0
2883,2856s,263.44,13.02872,77.68028,21.81,3.727,0
2884,2857s,263.56,13.02874,77.68031,21.68,3.721,0
2885,2858s,263.47,13.02876,77.68034,21.73,3.725,0
2886,2859s,262.34,13.02878,77.68037,21.46,3.719,0
2887,2860s,262.72,13.0288,77.6804,21.93,3.722,0
2888,2861s,261.97,13.02882,77.68043,21.42,3.719,0
2889,2862s,261.38,13.02884,77.68046,21.54,3.724,0
2890,2863s,260.82,13.02886,77.68049,21.56,3.723,0
2891,2864s,260.72,13.02888,77.68052,21.75,3.721,0
2892,2865s,260.1,13.0289,77.68055,21.52,3.722,0
2893,2866s,259.87,13.02892,77.68058,21.54,3.717,0
2894,2867s,259.11,13.02894,77.68061,21.38,3.724,0
2895,2868s,258.9,13.02896,77.68064,21.62,3.726,0
2896,2869s,258.41,13.02898,77.68067,21.45,3.726,0
2897,2870s,258.29,13.029,77.6807,21.52,3.718,0
2898,2871s,257.56,13.02902,77.68073,21.66,3.726,0
2899,2872s,257.5,13.02904,77.68076,21.77,3.72,0
2900,2873s,257.58,13.02906,77.68079,21.65,3.72,0
2901,2874s,257.07,13.02908,77.68082,21.45,3.72,0
2902,2875s,256.93,13.0291,77.68085,21.4,3.723,0
2903,2876s,255.78,13.02912,77.68088,21.66,3.725,0
2904,2877s,255.93,13.02914,77.68091,21.42,3.723,0
2905,2878s,255.83,13.02916,77.68094,21.35,3.72,0
2906,2879s,254.87,13.02918,77.68097,21.74,3.725,0
2907,2880s,254.35,13.0292,77.681,21.73,3.715,0
2908,2881s,253.96,13.02922,77.68103,21.63,3.718,0
2909,2882s,254.27,13.02924,77.68106,21.8,3.724,0
2910,2883s,253.99,13.02926,77.68109,21.83,3.719,0
2911,2884s,253.36,13.02928,77.68112,21.84,3.715,0
2912,2885s,252.68,13.0293,77.68115,21.84,3.719,0
2913,2886s,251.9,13.02932,77.68118,21.64,3.721,0
2914,2887s,251.63,13.02934,77.68121,21.3,3.72,0
2915,2888s,251.92,13.02936,77.68124,21.69,3.721,0
2916,2889s,251.15,13.02938,77.68127,21.68,3.723,0
2917,2890s,251.34,13.0294,77.6813,21.36,3.721,0
2918,2891s,250.37,13.02942,77.68133,21.73,3.717,0
2919,2892s,249.89,13.02944,77.68136,21.37,3.715,0
2920,2893s,249.46,13.02946,77.68139,21.67,3.722,0
2921,2894s,249.65,13.02948,77.68142,21.52,3.72,0
2922,2895s,249.02,13.0295,77.68145,21.43,3.715,0
2923,2896s,248.82,13.02952,77.68148,21.57,3.714,0
2924,2897s,247.78,13.02954,77.68151,21.38,3.712,0
2925,2898s,247.51,13.02956,77.68154,21.77,3.721,0
2926,2899s,247.25,13.02958,77.68157,21.7,3.718,0
2927,2900s,246.85,13.0296,77.6816,21.72,3.717,0
2928,2901s,246.23,13.02962,77.68163,21.43,3.718,0
2929,2902s,246.22,13.02964,77.68166,21.27,3.718,0
2930,2903s,246.02,13.02966,77.68169,21.65,3.715,0
2931,2904s,245.71,13.02968,77.68172,21.4,3.712,0
2932,2905s,245.54,13.0297,77.68175,21.7,3.713,0
2933,2906s,245.31,13.02972,77.68178,21.32,3.721,0
2934,2907s,244.51,13.02974,77.68181,21.79,3.719,0
2935,2908s,244.37,13.02976,77.68184,21.26,3.717,0
2936,2909s,243.6,13.02978,77.68187,21.59,3.719,0
2937,2910s,243.47,13.0298,77.6819,21.52,3.718,0
2938,2911s,242.69,13.02982,77.68193,21.35,3.716,0
2939,2912s,242.9,13.02984,77.68196,21.63,3.712,0
2940,2913s,241.94,13.02986,77.68199,21.62,3.714,0
2941,2914s,242.24,13.02988,77.68202,21.24,3.711,0
2942,2915s,241.15,13.0299,77.68205,21.69,3.711,0
2943,2916s,241.08,13.02992,77.68208,21.61,3.715,0
2944,2917s,240.23,13.02994,77.68211,21.27,3.711,0
2945,2918s,240.23,13.02996,77.68214,21.52,3.71,0
2946,2919s,239.53,13.02998,77.68217,21.31,3.718,0
2947,2920s,240.06,13.03,77.6822,21.22,3.713,0
2948,2921s,239.44,13.03002,77.68223,21.63,3.714,0
2949,2922s,238.72,13.03004,77.68226,21.16,3.716,0
2950,2923s,238.72,13.03006,77.68229,21.53,3.708,0
2951,2924s,237.84,13.03008,77.68232,21.19,3.709,0
2952,2925s,237.85,13.0301,77.68235,21.15,3.718,0
2953,2926s,237.8,13.03012,77.68238,21.19,3.714,0
2954,2927s,236.81,13.03014,77.68241,21.55,3.709,0
2955,2928s,236.57,13.03016,77.68244,21.47,3.711,0
2956,2929s,235.88,13.03018,77.68247,21.32,3.709,0
2957,2930s,235.4,13.0302,77.6825,21.54,3.713,0
2958,2931s,235.09,13.03022,77.68253,21.61,3.708,0
2959,2932s,234.9,13.03024,77.68256,21.42,3.714,0
2960,2933s,234.36,13.03026,77.68259,21.66,3.706,0
2961,2934s,234.28,13.03028,77.68262,21.2,3.713,0
2962,2935s,233.71,13.0303,77.68265,21.63,3.71,0
2963,2936s,233.98,13.03032,77.68268,21.59,3.707,0
2964,2937s,232.9,13.03034,77.68271,21.16,3.707,0
2965,2938s,233.31,13.03036,77.68274,21.3,3.711,0
2966,2939s,232.1,13.03038,77.68277,21.64,3.714,0
2967,2940s,232.51,13.0304,77.6828,21.44,3.707,0
2968,2941s,231.76,13.03042,77.68283,21.44,3.712,0
2969,2942s,231.01,13.03044,77.68286,21.48,3.708,0
2970,2943s,231.31,13.03046,77.68289,21.28,3.706,0
2971,2944s,231.04,13.03048,77.68292,21.47,3.713,0
2972,2945s,230.55,13.0305,77.68295,21.5,3.705,0
2973,2946s,229.37,13.03052,77.68298,21.62,3.705,0
2974,2947s,229.66,13.03054,77.68301,21.25,3.708,0
2975,2948s,229.34,13.03056,77.68304,21.52,3.709,0
2976,2949s,228.32,13.03058,77.68307,21.4,3.714,0
2977,2950s,228.16,13.0306,77.6831,21.1,3.713,0
2978,2951s,227.69,13.03062,77.68313,21.27,3.706,0
2979,2952s,227.55,13.03064,77.68316,21.46,3.707,0
2980,2953s,227.55,13.03066,77.68319,21.24,3.711,0
2981,2954s,227.04,13.03068,77.68322,21.18,3.707,0
2982,2955s,226.52,13.0307,77.68325,21.35,3.708,0
2983,2956s,226.47,13.03072,77.68328,21.26,3.708,0
2984,2957s,225.69,13.03074,77.68331,21.37,3.709,0
2985,2958s,225.65,13.03076,77.68334,21.44,3.704,0
2986,2959s,224.53,13.03078,77.68337,21.61,3.702,0
2987,2960s,224.72,13.0308,77.6834,21.58,3.711,0
2988,2961s,223.85,13.03082,77.68343,21.22,3.71,0
2989,2962s,224.28,13.03084,77.68346,21.49,3.704,0
2990,2963s,223.18,13.03086,77.68349,21.51,3.711,0
2991,2964s,223.58,13.03088,77.68352,21.15,3.709,0
2992,2965s,222.36,13.0309,77.68355,21.07,3.711,0
2993,2966s,222.63,13.03092,77.68358,21.22,3.701,0
2994,2967s,222.52,13.03094,77.68361,21.21,3.708,0
2995,2968s,221.85,13.03096,77.68364,21.02,3.708,0
2996,2969s,221.69,13.03098,77.68367,21.0,3.704,0
2997,2970s,220.52,13.031,77.6837,21.02,3.706,0
2998,2971s,220.88,13.03102,77.68373,21.06,3.702,0
2999,2972s,220.44,13.03104,77.68376,21.42,3.707,0
3000,2973s,219.63,13.03106,77.68379,21.21,3.703,0
3001,2974s,219.74,13.03108,77.68382,21.38,3.702,0
3002,2975s,218.75,13.0311,77.68385,21.49,3.699,0
3003,2976s,218.97,13.03112,77.68388,21.25,3.699,0
3004,2977s,218.68,13.03114,77.68391,21.36,3.708,0
3005,2978s,218.03,13.03116,77.68394,21.45,3.708,0
3006,2979s,217.61,13.03118,77.68397,21.37,3.703,0
3007,2980s,216.9,13.0312,77.684,21.52,3.703,0
3008,2981s,217.35,13.03122,77.68403,21.02,3.7,0
3009,2982s,216.62,13.03124,77.68406,21.06,3.7,0
3010,2983s,216.38,13.03126,77.68409,21.27,3.706,0
3011,2984s,216.08,13.03128,77.68412,21.2,3.701,0
3012,2985s,215.53,13.0313,77.68415,21.42,3.7,0
3013,2986s,215.32,13.03132,77.68418,21.31,3.699,0
3014,2987s,214.26,13.03134,77.68421,20.96,3.703,0
3015,2988s,214.63,13.03136,77.68424,20.93,3.7,0
3016,2989s,213.95,13.03138,77.68427,20.95,3.703,0
3017,2990s,213.8,13.0314,77.6843,21.09,3.703,0
3018,2991s,213.31,13.03142,77.68433,20.92,3.7,0
3019,2992s,213.28,13.03144,77.68436,21.24,3.702,0
3020,2993s,212.72,13.03146,77.68439,20.92,3.699,0
3021,2994s,212.5,13.03148,77.68442,20.9,3.7,0
3022,2995s,211.47,13.0315,77.68445,21.12,3.698,0
3023,2996s,211.57,13.03152,77.68448,21.32,3.706,0
3024,2997s,211.16,13.03154,77.68451,20.94,3.7,0
3025,2998s,210.83,13.03156,77.68454,20.93,3.703,0
3026,2999s,209.87,13.03158,77.68457,21.22,3.699,0
3027,3000s,209.94,13.0316,77.6846,21.38,3.698,0
3028,3001s,209.13,13.03162,77.68463,21.14,3.704,0
3029,3002s,208.7,13.03164,77.68466,21.29,3.704,0
3030,3003s,209.05,13.03166,77.68469,21.25,3.703,0
3031,3004s,208.03,13.03168,77.68472,21.43,3.699,0
3032,3005s,208.24,13.0317,77.68475,21.24,3.703,0
3033,3005s,208.24,13.0317,77.68475,21.34,3.702,0
3034,3006s,207.48,13.03172,77.68478,21.31,3.697,0
3035,3007s,207.13,13.03174,77.68481,21.35,3.698,0
3036,3008s,207.29,13.03176,77.68484,21.3,3.698,0
3037,3009s,206.24,13.03178,77.68487,21.2,3.695,0
3038,3010s,205.81,13.0318,77.6849,21.21,3.698,0
3039,3010s,205.81,13.0318,77.6849,21.31,3.697,0
3040,3011s,206.1,13.03182,77.68493,20.92,3.702,0
3041,3012s,205.48,13.03184,77.68496,21.4,3.701,0
3042,3013s,204.65,13.03186,77.68499,20.88,3.696,0
3043,3014s,205.12,13.03188,77.68502,20.92,3.696,0
3044,3015s,204.19,13.0319,77.68505,20.86,3.695,0
3045,3016s,204.23,13.03192,77.68508,20.96,3.697,0
3046,3017s,203.35,13.03194,77.68511,21.34,3.699,0
3047,3018s,202.86,13.03196,77.68514,20.87,3.698,0
3048,3019s,202.4,13.03198,77.68517,21.32,3.696,0
3049,3020s,202.85,13.032,77.6852,21.34,3.693,0
3050,3021s,201.99,13.03202,77.68523,21.3,3.702,0
3051,3022s,201.62,13.03204,77.68526,21.2,3.696,0
3052,3023s,201.15,13.03206,77.68529,21.31,3.698,0
3053,3024s,201.14,13.03208,77.68532,21.17,3.698,0
3054,3025s,200.39,13.0321,77.68535,21.27,3.691,0
3055,3026s,200.64,13.03212,77.68538,20.94,3.693,0
3056,3027s,199.82,13.03214,77.68541,20.81,3.695,0
3057,3028s,199.51,13.03216,77.68544,20.83,3.695,0
3058,3029s,199.33,13.03218,77.68547,21.3,3.695,0
3059,3030s,198.41,13.0322,77.6855,21.2,3.699,0
3060,3031s,198.87,13.03222,77.68553,21.21,3.692,0
3061,3032s,197.92,13.03224,77.68556,20.94,3.7,0
3062,3033s,197.71,13.03226,77.68559,21.17,3.695,0
3063,3034s,197.13,13.03228,77.68562,20.76,3.691,0
3064,3035s,196.96,13.0323,77.68565,21.12,3.692,0
3065,3036s,196.15,13.03232,77.68568,21.1,3.693,0
3066,3037s,196.7,13.03234,77.68571,20.95,3.693,0
3067,3038s,195.86,13.03236,77.68574,20.76,3.698,0
3068,3039s,195.97,13.03238,77.68577,21.14,3.692,0
3069,3040s,195.3,13.0324,77.6858,20.77,3.689,0
3070,3041s,194.7,13.03242,77.68583,20.9,3.695,0
3071,3042s,194.8,13.03244,77.68586,21.03,3.695,0
3072,3043s,193.82,13.03246,77.68589,21.21,3.689,0
3073,3044s,194.09,13.03248,77.68592,20.92,3.696,0
3074,3045s,192.99,13.0325,77.68595,20.91,3.692,0
3075,3046s,192.94,13.03252,77.68598,21.11,3.689,0
3076,3047s,192.8,13.03254,77.68601,20.91,3.694,0
3077,3048s,192.12,13.03256,77.68604,20.7,3.695,0
3078,3049s,191.97,13.03258,77.68607,20.74,3.694,0
3079,3050s,191.62,13.0326,77.6861,20.88,3.697,0
3080,3051s,191.58,13.03262,77.68613,21.13,3.694,0
3081,3052s,190.59,13.03264,77.68616,20.77,3.691,0
3082,3053s,190.06,13.03266,77.68619,21.2,3.687,0
3083,3054s,190.51,13.03268,77.68622,20.91,3.691,0
3084,3055s,189.18,13.0327,77.68625,20.94,3.694,0
3085,3056s,188.94,13.03272,77.68628,20.93,3.696,0
3086,3057s,188.55,13.03274,77.68631,20.79,3.696,0
3087,3057s,188.55,13.03274,77.68631,20.89,3.695,0
3088,3058s,188.5,13.03276,77.68634,20.99,3.687,0
3089,3059s,188.1,13.03278,77.68637,20.86,3.695,0
3090,3060s,188.32,13.0328,77.6864,21.0,3.685,0
3091,3061s,187.8,13.03282,77.68643,20.66,3.694,0
3092,3062s,187.13,13.03284,77.68646,21.16,3.692,0
3093,3063s,186.91,13.03286,77.68649,20.91,3.689,0
3094,3064s,186.25,13.03288,77.68652,20.97,3.689,0
3095,3065s,186.3,13.0329,77.68655,20.7,3.686,0
3096,3066s,185.6,13.03292,77.68658,20.74,3.69,0
3097,3067s,185.35,13.03294,77.68661,20.85,3.692,0
3098,3068s,185.13,13.03296,77.68664,20.88,3.687,0
3099,3069s,184.7,13.03298,77.68667,21.18,3.693,0
3100,3070s,184.71,13.033,77.6867,21.09,3.684,0
3101,3071s,184.0,13.03302,77.68673,20.98,3.687,0
3102,3072s,183.49,13.03304,77.68676,21.06,3.692,0
3103,3073s,182.72,13.03306,77.68679,20.87,3.689,0
3104,3074s,182.29,13.03308,77.68682,20.77,3.687,0
3105,3075s,182.12,13.0331,77.68685,20.87,3.687,0
3106,3076s,181.73,13.03312,77.68688,20.87,3.683,0
3107,3077s,182.14,13.03314,77.68691,21.14,3.686,0
3108,3078s,181.63,13.03316,77.68694,21.0,3.689,0
3109,3079s,180.45,13.03318,77.68697,20.8,3.684,0
3110,3080s,180.36,13.0332,77.687,21.11,3.685,0
3111,3081s,180.56,13.03322,77.68703,21.05,3.686,0
3112,3082s,179.59,13.03324,77.68706,21.11,3.685,0
3113,3083s,179.01,13.03326,77.68709,20.66,3.685,0
3114,3084s,179.45,13.03328,77.68712,21.05,3.687,0
3115,3085s,178.61,13.0333,77.68715,21.14,3.691,0
3116,3086s,178.14,13.03332,77.68718,21.14,3.683,0
3117,3087s,178.18,13.03334,77.68721,21.05,3.689,0
3118,3088s,177.76,13.03336,77.68724,20.63,3.686,0
3119,3089s,177.8,13.03338,77.68727,20.65,3.689,0
3120,3090s,176.97,13.0334,77.6873,20.8,3.681,0
3121,3091s,176.89,13.03342,77.68733,20.84,3.686,0
3122,3092s,176.51,13.03344,77.68736,21.04,3.686,0
3123,3093s,175.63,13.03346,77.68739,20.86,3.689,0
3124,3094s,175.2,13.03348,77.68742,20.59,3.683,0
3125,3095s,175.27,13.0335,77.68745,20.88,3.679,0
3126,3096s,174.99,13.03352,77.68748,21.07,3.68,0
3127,3097s,174.3,13.03354,77.68751,20.97,3.68,0
3128,3098s,174.01,13.03356,77.68754,20.89,3.683,0
3129,3099s,173.43,13.03358,77.68757,21.05,3.682,0
3130,3100s,173.37,13.0336,77.6876,20.66,3.686,0
3131,3101s,173.26,13.03362,77.68763,20.96,3.685,0
3132,3102s,172.38,13.03364,77.68766,21.06,3.684,0
3133,3103s,172.39,13.03366,77.68769,20.84,3.679,0
3134,3104s,171.85,13.03368,77.68772,20.85,3.679,0
3135,3105s,171.31,13.0337,77.68775,21.03,3.679,0
3136,3106s,171.15,13.03372,77.68778,20.7,3.685,0
3137,3107s,170.69,13.03374,77.68781,20.77,3.677,0
3138,3108s,170.01,13.03376,77.68784,21.06,3.678,0
3139,3109s,170.27,13.03378,77.68787,20.7,3.68,0
3140,3110s,170.13,13.0338,77.6879,20.96,3.679,0
3141,3111s,168.87,13.03382,77.68793,20.58,3.683,0
3142,3112s,169.11,13.03384,77.68796,20.48,3.686,0
3143,3113s,169.13,13.03386,77.68799,20.75,3.682,0
3144,3114s,168.33,13.03388,77.68802,20.56,3.683,0
3145,3115s,168.35,13.0339,77.68805,20.57,3.676,0
3146,3116s,167.08,13.03392,77.68808,20.76,3.678,0
3147,3117s,167.56,13.03394,77.68811,20.51,3.678,0
3148,3118s,166.66,13.03396,77.68814,20.57,3.682,0
3149,3119s,166.91,13.03398,77.68817,20.6,3.68,0
3150,3120s,166.56,13.034,77.6882,20.64,3.681,0
3151,3120s,166.56,13.034,77.6882,20.74,3.68,0
3152,3121s,165.54,13.03402,77.68823,20.88,3.68,0
3153,3122s,165.4,13.03404,77.68826,20.67,3.677,0
3154,3123s,164.7,13.03406,77.68829,20.83,3.683,0
3155,3124s,164.45,13.03408,77.68832,20.66,3.68,0
3156,3125s,164.58,13.0341,77.68835,20.61,3.682,0
3157,3126s,164.4,13.03412,77.68838,20.7,3.683,0
3158,3127s,163.51,13.03414,77.68841,20.86,3.682,0
3159,3128s,163.35,13.03416,77.68844,20.76,3.678,0
3160,3129s,162.94,13.03418,77.68847,20.62,3.68,0
3161,3130s,162.07,13.0342,77.6885,20.5,3.673,0
3162,3131s,162.16,13.03422,77.68853,20.74,3.676,0
3163,3132s,162.12,13.03424,77.68856,20.78,3.683,0
3164,3133s,161.28,13.03426,77.68859,20.41,3.675,0
3165,3134s,160.9,13.03428,77.68862,20.85,3.677,0
3166,3135s,160.29,13.0343,77.68865,20.77,3.677,0
3167,3136s,160.64,13.03432,77.68868,20.45,3.675,0
3168,3137s,159.51,13.03434,77.68871,20.57,3.677,0
3169,3138s,159.94,13.03436,77.68874,20.91,3.678,0
3170,3139s,159.17,13.03438,77.68877,20.72,3.677,0
3171,3140s,158.52,13.0344,77.6888,20.53,3.678,0
3172,3141s,158.94,13.03442,77.68883,20.88,3.673,0
3173,3142s,158.59,13.03444,77.68886,20.6,3.679,0
3174,3143s,157.66,13.03446,77.68889,20.54,3.673,0
3175,3144s,157.78,13.03448,77.68892,20.65,3.681,0
3176,3145s,157.05,13.0345,77.68895,20.41,3.673,0
3177,3146s,156.6,13.03452,77.68898,20.57,3.677,0
3178,3147s,156.2,13.03454,77.68901,20.73,3.68,0
3179,3148s,156.54,13.03456,77.68904,20.88,3.673,0
3180,3149s,156.03,13.03458,77.68907,20.57,3.679,0
3181,3150s,155.75,13.0346,77.6891,20.34,3.676,0
3182,3151s,154.55,13.03462,77.68913,20.38,3.678,0
3183,3152s,154.84,13.03464,77.68916,20.48,3.678,0
3184,3153s,154.16,13.03466,77.68919,20.64,3.673,0
3185,3154s,154.01,13.03468,77.68922,20.55,3.676,0
3186,3155s,153.49,13.0347,77.68925,20.82,3.679,0
3187,3156s,152.8,13.03472,77.68928,20.52,3.675,0
3188,3157s,152.36,13.03474,77.68931,20.33,3.669,0
3189,3158s,152.08,13.03476,77.68934,20.49,3.676,0
3190,3159s,152.05,13.03478,77.68937,20.39,3.671,0
3191,3160s,152.15,13.0348,77.6894,20.51,3.677,0
3192,3161s,151.89,13.03482,77.68943,20.85,3.677,0
3193,3162s,150.8,13.03484,77.68946,20.75,3.669,0
3194,3163s,151.13,13.03486,77.68949,20.33,3.671,0
3195,3164s,150.43,13.03488,77.68952,20.76,3.671,0
3196,3165s,149.64,13.0349,77.68955,20.35,3.673,0
3197,3166s,149.24,13.03492,77.68958,20.79,3.675,0
3198,3167s,149.64,13.03494,77.68961,20.84,3.671,0
3199,3168s,148.84,13.03496,77.68964,20.33,3.672,0
3200,3169s,148.62,13.03498,77.68967,20.66,3.677,0
3201,3170s,148.0,13.035,77.6897,20.69,3.669,0
3202,3171s,147.58,13.03502,77.68973,20.43,3.667,0
3203,3172s,147.53,13.03504,77.68976,20.77,3.673,0
3204,3173s,147.35,13.03506,77.68979,20.36,3.667,0
3205,3174s,147.22,13.03508,77.68982,20.28,3.666,0
3206,3175s,146.12,13.0351,77.68985,20.72,3.668,0
3207,3176s,145.64,13.03512,77.68988,20.36,3.672,0
3208,3177s,145.71,13.03514,77.68991,20.75,3.674,0
3209,3178s,145.14,13.03516,77.68994,20.49,3.667,0
3210,3179s,144.97,13.03518,77.68997,20.77,3.667,0
3211,3180s,144.47,13.0352,77.69,20.81,3.674,0
3212,3181s,144.27,13.03522,77.69003,20.68,3.667,0
3213,3182s,143.68,13.03524,77.69006,20.31,3.668,0
3214,3183s,143.91,13.03526,77.69009,20.6,3.666,0
3215,3184s,143.57,13.03528,77.69012,20.65,3.666,0
3216,3185s,143.22,13.0353,77.69015,20.31,3.664,0
3217,3186s,142.63,13.03532,77.69018,20.46,3.667,0
3218,3187s,142.55,13.03534,77.69021,20.24,3.668,0
3219,3188s,141.41,13.03536,77.69024,20.49,3.669,0
3220,3189s,140.96,13.03538,77.69027,20.34,3.665,0
3221,3190s,141.2,13.0354,77.6903,20.62,3.667,0
3222,3191s,140.49,13.03542,77.69033,20.42,3.669,0
3223,3192s,140.37,13.03544,77.69036,20.47,3.667,0
3224,3193s,140.16,13.03546,77.69039,20.56,3.673,0
3225,3194s,139.35,13.03548,77.69042,20.2,3.663,0
3226,3195s,139.04,13.0355,77.69045,20.2,3.664,0
3227,3196s,138.65,13.03552,77.69048,20.53,3.669,0
3228,3197s,138.45,13.03554,77.69051,20.22,3.669,0
3229,3198s,138.59,13.03556,77.69054,20.31,3.664,0
3230,3199s,138.14,13.03558,77.69057,20.36,3.665,0
3231,3200s,137.6,13.0356,77.6906,20.58,3.663,0
3232,3201s,137.14,13.03562,77.69063,20.56,3.667,0
3233,3202s,136.6,13.03564,77.69066,20.68,3.663,0
3234,3203s,136.25,13.03566,77.69069,20.17,3.663,0
3235,3204s,136.48,13.03568,77.69072,20.22,3.661,0
3236,3205s,135.69,13.0357,77.69075,20.33,3.663,0
3237,3206s,135.13,13.03572,77.69078,20.17,3.668,0
3238,3207s,135.36,13.03574,77.69081,20.48,3.671,0
3239,3208s,134.74,13.03576,77.69084,20.41,3.662,0
3240,3209s,133.91,13.03578,77.69087,20.6,3.666,0
3241,3210s,134.44,13.0358,77.6909,20.61,3.665,0
3242,3211s,133.26,13.03582,77.69093,20.19,3.661,0
3243,3212s,133.04,13.03584,77.69096,20.54,3.665,0
3244,3213s,133.12,13.03586,77.69099,20.69,3.663,0
3245,3214s,132.52,13.03588,77.69102,20.31,3.659,0
3246,3215s,132.03,13.0359,77.69105,20.52,3.668,0
3247,3216s,132.09,13.03592,77.69108,20.6,3.668,0
3248,3217s,131.57,13.03594,77.69111,20.15,3.666,0
3249,3218s,131.34,13.03596,77.69114,20.09,3.669,0
3250,3219s,131.12,13.03598,77.69117,20.48,3.659,0
3251,3220s,130.41,13.036,77.6912,20.22,3.665,0
3252,3221s,130.52,13.03602,77.69123,20.29,3.665,0
3253,3222s,129.39,13.03604,77.69126,20.64,3.664,0
3254,3223s,129.81,13.03606,77.69129,20.59,3.665,0
3255,3224s,129.39,13.03608,77.69132,20.33,3.668,0
3256,3225s,128.67,13.0361,77.69135,20.21,3.665,0
3257,3226s,128.67,13.03612,77.69138,20.28,3.661,0
3258,3227s,128.42,13.03614,77.69141,20.24,3.657,0
3259,3228s,127.6,13.03616,77.69144,20.25,3.663,0
3260,3229s,127.15,13.03618,77.69147,20.31,3.667,0
3261,3230s,127.16,13.0362,77.6915,20.21,3.667,0
3262,3231s,126.52,13.03622,77.69153,20.44,3.662,0
3263,3232s,125.81,13.03624,77.69156,20.61,3.662,0
3264,3233s,125.97,13.03626,77.69159,20.21,3.659,0
3265,3234s,125.76,13.03628,77.69162,20.03,3.656,0
3266,3235s,124.88,13.0363,77.69165,20.38,3.657,0
3267,3236s,124.56,13.03632,77.69168,20.27,3.663,0
3268,3237s,123.9,13.03634,77.69171,20.16,3.66,0
3269,3238s,123.83,13.03636,77.69174,20.53,3.662,0
3270,3239s,123.96,13.03638,77.69177,20.09,3.656,0
3271,3240s,123.11,13.0364,77.6918,20.6,3.657,0
3272,3241s,123.08,13.03642,77.69183,20.05,3.657,0
3273,3242s,122.61,13.03644,77.69186,20.2,3.663,0
3274,3243s,122.42,13.03646,77.69189,20.24,3.665,0
3275,3244s,121.53,13.03648,77.69192,20.15,3.657,0
3276,3245s,121.39,13.0365,77.69195,20.32,3.661,0
3277,3246s,121.05,13.03652,77.69198,20.33,3.661,0
3278,3247s,120.57,13.03654,77.69201,20.05,3.66,0
3279,3248s,120.32,13.03656,77.69204,20.02,3.66,0
3280,3249s,120.3,13.03658,77.69207,20.3,3.658,0
3281,3250s,120.2,13.0366,77.6921,20.22,3.654,0
3282,3251s,119.4,13.03662,77.69213,20.15,3.662,0
3283,3252s,119.32,13.03664,77.69216,20.24,3.657,0
3284,3253s,118.68,13.03666,77.69219,20.2,3.653,0
3285,3254s,118.47,13.03668,77.69222,20.52,3.657,0
3286,3255s,118.32,13.0367,77.69225,20.32,3.656,0
3287,3256s,117.45,13.03672,77.69228,20.25,3.653,0
3288,3257s,117.39,13.03674,77.69231,20.28,3.655,0
3289,3258s,117.26,13.03676,77.69234,20.17,3.656,0
3290,3259s,116.16,13.03678,77.69237,20.41,3.661,0
3291,3260s,116.26,13.0368,77.6924,19.96,3.653,0
3292,3261s,116.28,13.03682,77.69243,20.31,3.655,0
3293,3262s,115.2,13.03684,77.69246,20.09,3.656,0
3294,3263s,115.07,13.03686,77.69249,19.96,3.658,0
3295,3264s,115.06,13.03688,77.69252,20.35,3.652,0
3296,3265s,114.25,13.0369,77.69255,20.0,3.658,0
3297,3266s,114.19,13.03692,77.69258,20.04,3.658,0
3298,3267s,114.19,13.03694,77.69261,20.08,3.653,0
3299,3268s,113.98,13.03696,77.69264,19.9,3.655,0
3300,3269s,113.33,13.03698,77.69267,19.97,3.65,0
3301,3270s,112.89,13.037,77.6927,19.96,3.651,0
3302,3271s,112.14,13.03702,77.69273,20.17,3.658,0
3303,3272s,112.03,13.03704,77.69276,19.91,3.651,0
3304,3273s,111.63,13.03706,77.69279,20.47,3.658,0
3305,3274s,111.72,13.03708,77.69282,20.21,3.657,0
3306,3275s,111.21,13.0371,77.69285,20.39,3.655,0
3307,3276s,110.61,13.03712,77.69288,20.25,3.651,0
3308,3277s,110.65,13.03714,77.69291,20.26,3.651,0
3309,3278s,110.22,13.03716,77.69294,20.19,3.654,0
3310,3279s,109.42,13.03718,77.69297,20.26,3.659,0
3311,3280s,109.27,13.0372,77.693,20.26,3.652,0
3312,3281s,109.13,13.03722,77.69303,19.91,3.652,0
3313,3282s,108.5,13.03724,77.69306,19.87,3.653,0
3314,3283s,108.29,13.03726,77.69309,19.85,3.651,0
3315,3284s,108.03,13.03728,77.69312,20.38,3.654,0
3316,3285s,107.07,13.0373,77.69315,20.38,3.658,0
3317,3286s,107.15,13.03732,77.69318,20.26,3.65,0
3318,3287s,107.31,13.03734,77.69321,20.04,3.656,0
3319,3288s,106.48,13.03736,77.69324,20.04,3.654,0
3320,3289s,106.02,13.03738,77.69327,19.86,3.654,0
3321,3290s,105.63,13.0374,77.6933,20.25,3.65,0
3322,3291s,105.65,13.03742,77.69333,20.29,3.65,0
3323,3292s,105.34,13.03744,77.69336,19.99,3.65,0
3324,3293s,105.15,13.03746,77.69339,20.2,3.65,0
3325,3294s,104.35,13.03748,77.69342,20.21,3.652,0
3326,3295s,104.46,13.0375,77.69345,20.27,3.651,0
3327,3296s,103.31,13.03752,77.69348,19.99,3.656,0
3328,3297s,103.19,13.03754,77.69351,20.16,3.65,0
3329,3298s,102.53,13.03756,77.69354,20.3,3.647,0
3330,3299s,102.24,13.03758,77.69357,19.85,3.654,0
3331,3300s,102.27,13.0376,77.6936,20.24,3.655,0
3332,3301s,102.25,13.03762,77.69363,20.22,3.647,0
3333,3302s,101.99,13.03764,77.69366,19.88,3.654,0
3334,3303s,101.5,13.03766,77.69369,20.02,3.646,0
3335,3304s,101.0,13.03768,77.69372,19.84,3.652,0
3336,3305s,100.11,13.0377,77.69375,20.23,3.65,0
3337,3306s,100.53,13.03772,77.69378,20.31,3.647,0
3338,3307s,100.05,13.03774,77.69381,19.99,3.654,0
3339,3308s,99.57,13.03776,77.69384,19.87,3.647,0
3340,3309s,99.09,13.03778,77.69387,19.92,3.646,0
3341,3310s,98.46,13.0378,77.6939,20.24,3.651,0
3342,3311s,98.14,13.03782,77.69393,20.09,3.649,0
3343,3312s,98.27,13.03784,77.69396,19.86,3.651,0
3344,3313s,98.14,13.03786,77.69399,19.96,3.647,0
3345,3314s,97.46,13.03788,77.69402,19.77,3.645,0
3346,3315s,97.29,13.0379,77.69405,20.28,3.648,0
3347,3316s,96.71,13.03792,77.69408,20.23,3.648,0
3348,3317s,96.33,13.03794,77.69411,19.93,3.648,0
3349,3318s,96.07,13.03796,77.69414,19.8,3.643,0
3350,3319s,95.59,13.03798,77.69417,19.94,3.643,0
3351,3320s,94.9,13.038,77.6942,20.18,3.645,0
3352,3321s,94.59,13.03802,77.69423,19.85,3.648,0
3353,3322s,94.45,13.03804,77.69426,19.83,3.65,0
3354,3323s,94.69,13.03806,77.69429,19.85,3.648,0
3355,3324s,93.5,13.03808,77.69432,20.22,3.651,0
3356,3325s,93.15,13.0381,77.69435,20.04,3.65,0
3357,3326s,93.66,13.03812,77.69438,19.99,3.645,0
3358,3327s,92.44,13.03814,77.69441,20.11,3.642,0
3359,3328s,92.51,13.03816,77.69444,20.23,3.643,0
3360,3329s,91.72,13.03818,77.69447,19.88,3.643,0
3361,3330s,91.67,13.0382,77.6945,20.13,3.641,0
3362,3331s,91.54,13.03822,77.69453,20.11,3.649,0
3363,3332s,91.31,13.03824,77.69456,20.2,3.642,0
3364,3333s,90.37,13.03826,77.69459,20.23,3.649,0
3365,3334s,90.65,13.03828,77.69462,20.12,3.639,0
3366,3335s,90.58,13.0383,77.69465,20.23,3.645,0
3367,3336s,89.87,13.03832,77.69468,19.7,3.645,0
3368,3337s,89.86,13.03834,77.69471,19.81,3.639,0
3369,3338s,88.6,13.03836,77.69474,19.95,3.646,0
3370,3339s,88.65,13.03838,77.69477,19.82,3.647,0
3371,3340s,88.84,13.0384,77.6948,19.65,3.639,0
3372,3341s,88.29,13.03842,77.69483,20.13,3.643,0
3373,3342s,88.04,13.03844,77.69486,20.04,3.645,0
3374,3343s,87.38,13.03846,77.69489,19.66,3.646,0
3375,3344s,87.18,13.03848,77.69492,19.88,3.642,0
3376,3345s,86.28,13.0385,77.69495,19.88,3.647,0
3377,3346s,86.77,13.03852,77.69498,19.84,3.639,0
3378,3347s,85.88,13.03854,77.69501,19.64,3.639,0
3379,3348s,85.69,13.03856,77.69504,19.75,3.644,0
3380,3349s,85.64,13.03858,77.69507,20.09,3.643,0
3381,3350s,85.39,13.0386,77.6951,19.61,3.644,0
3382,3351s,84.87,13.03862,77.69513,19.65,3.638,0
3383,3352s,83.89,13.03864,77.69516,19.63,3.639,0
3384,3353s,84.03,13.03866,77.69519,19.74,3.639,0
3385,3354s,83.63,13.03868,77.69522,19.88,3.637,0
3386,3355s,82.75,13.0387,77.69525,19.73,3.641,0
3387,3356s,82.82,13.03872,77.69528,20.02,3.64,0
3388,3357s,82.9,13.03874,77.69531,19.71,3.643,0
3389,3358s,82.58,13.03876,77.69534,20.04,3.638,0
3390,3359s,81.94,13.03878,77.69537,19.89,3.638,0
3391,3360s,81.64,13.0388,77.6954,19.87,3.636,0
3392,3361s,81.5,13.03882,77.69543,19.98,3.641,0
3393,3362s,80.53,13.03884,77.69546,19.68,3.636,0
3394,3363s,80.89,13.03886,77.69549,19.7,3.641,0
3395,3364s,79.77,13.03888,77.69552,19.77,3.642,0
3396,3365s,79.36,13.0389,77.69555,20.14,3.641,0
3397,3366s,79.52,13.03892,77.69558,19.82,3.635,0
3398,3367s,79.03,13.03894,77.69561,19.56,3.637,0
3399,3368s,78.56,13.03896,77.69564,20.04,3.635,0
3400,3369s,78.12,13.03898,77.69567,19.9,3.639,0
3401,3370s,78.35,13.039,77.6957,19.76,3.633,0
3402,3371s,77.35,13.03902,77.69573,19.64,3.637,0
3403,3372s,76.85,13.03904,77.69576,19.7,3.638,0
3404,3373s,76.8,13.03906,77.69579,19.54,3.639,0
3405,3374s,77.0,13.03908,77.69582,20.07,3.642,0
3406,3375s,76.58,13.0391,77.69585,19.86,3.641,0
3407,3376s,75.76,13.03912,77.69588,20.01,3.636,0
3408,3377s,75.51,13.03914,77.69591,19.95,3.639,0
3409,3378s,74.79,13.03916,77.69594,19.57,3.636,0
3410,3379s,75.11,13.03918,77.69597,19.91,3.641,0
3411,3380s,74.98,13.0392,77.696,19.77,3.638,0
3412,3381s,74.27,13.03922,77.69603,19.8,3.634,0
3413,3382s,73.73,13.03924,77.69606,19.94,3.64,0
3414,3383s,73.14,13.03926,77.69609,19.49,3.639,0
3415,3384s,73.61,13.03928,77.69612,19.53,3.633,0
3416,3385s,72.86,13.0393,77.69615,19.68,3.635,0
3417,3386s,72.59,13.03932,77.69618,19.69,3.638,0
3418,3387s,72.41,13.03934,77.69621,19.96,3.637,0
3419,3388s,71.41,13.03936,77.69624,19.81,3.633,0
3420,3389s,71.2,13.03938,77.69627,19.57,3.635,0
3421,3390s,71.04,13.0394,77.6963,19.74,3.64,0
3422,3391s,70.73,13.03942,77.69633,19.96,3.632,0
3423,3392s,69.97,13.03944,77.69636,20.01,3.633,0
3424,3393s,70.18,13.03946,77.69639,19.64,3.631,0
3425,3394s,69.4,13.03948,77.69642,19.9,3.632,0
3426,3395s,69.75,13.0395,77.69645,19.52,3.635,0
3427,3396s,68.69,13.03952,77.69648,19.81,3.629,0
3428,3397s,68.3,13.03954,77.69651,19.45,3.636,0
3429,3398s,68.71,13.03956,77.69654,19.78,3.629,0
3430,3399s,68.22,13.03958,77.69657,19.47,3.636,0
3431,3400s,67.42,13.0396,77.6966,19.57,3.635,0
3432,3401s,67.68,13.03962,77.69663,19.63,3.635,0
3433,3402s,67.07,13.03964,77.69666,19.62,3.629,0
3434,3403s,66.57,13.03966,77.69669,19.72,3.63,0
3435,3404s,66.12,13.03968,77.69672,19.63,3.636,0
3436,3405s,65.86,13.0397,77.69675,19.79,3.637,0
3437,3406s,65.24,13.03972,77.69678,19.6,3.635,0
3438,3407s,65.09,13.03974,77.69681,19.64,3.634,0
3439,3408s,64.88,13.03976,77.69684,19.97,3.633,0
3440,3409s,64.23,13.03978,77.69687,19.42,3.636,0
3441,3410s,64.64,13.0398,77.6969,19.41,3.633,0
3442,3411s,64.2,13.03982,77.69693,19.69,3.634,0
3443,3412s,63.55,13.03984,77.69696,19.73,3.629,0
3444,3413s,62.91,13.03986,77.69699,19.88,3.626,0
3445,3414s,63.09,13.03988,77.69702,19.6,3.636,0
3446,3415s,62.09,13.0399,77.69705,19.42,3.635,0
3447,3416s,61.89,13.03992,77.69708,19.66,3.632,0
3448,3417s,61.88,13.03994,77.69711,19.61,3.633,0
3449,3418s,61.84,13.03996,77.69714,19.68,3.626,0
3450,3419s,61.11,13.03998,77.69717,19.66,3.629,0
3451,3420s,60.57,13.04,77.6972,19.85,3.628,0
3452,3421s,60.2,13.04002,77.69723,19.5,3.633,0
3453,3422s,59.98,13.04004,77.69726,19.61,3.632,0
3454,3423s,59.39,13.04006,77.69729,19.48,3.632,0
3455,3424s,59.81,13.04008,77.69732,19.56,3.628,0
3456,3425s,59.1,13.0401,77.69735,19.88,3.631,0
3457,3426s,58.86,13.04012,77.69738,19.6,3.628,0
3458,3427s,58.48,13.04014,77.69741,19.82,3.625,0
3459,3428s,58.1,13.04016,77.69744,19.79,3.628,0
3460,3429s,57.8,13.04018,77.69747,19.4,3.627,0
3461,3430s,57.17,13.0402,77.6975,19.5,3.624,0
3462,3431s,56.96,13.04022,77.69753,19.9,3.629,0
3463,3432s,56.83,13.04024,77.69756,19.77,3.632,0
3464,3433s,56.73,13.04026,77.69759,19.31,3.624,0
3465,3434s,55.77,13.04028,77.69762,19.63,3.632,0
3466,3435s,55.91,13.0403,77.69765,19.38,3.623,0
3467,3436s,55.26,13.04032,77.69768,19.7,3.632,0
3468,3437s,54.62,13.04034,77.69771,19.81,3.631,0
3469,3438s,55.05,13.04036,77.69774,19.5,3.626,0
3470,3439s,54.37,13.04038,77.69777,19.71,3.623,0
3471,3440s,54.36,13.0404,77.6978,19.82,3.628,0
3472,3441s,53.74,13.04042,77.69783,19.87,3.622,0
3473,3442s,53.52,13.04044,77.69786,19.48,3.625,0
3474,3443s,52.85,13.04046,77.69789,19.54,3.629,0
3475,3444s,52.39,13.04048,77.69792,19.55,3.622,0
3476,3445s,51.94,13.0405,77.69795,19.72,3.63,0
3477,3446s,52.36,13.04052,77.69798,19.31,3.63,0
3478,3447s,51.67,13.04054,77.69801,19.47,3.627,0
3479,3448s,51.11,13.04056,77.69804,19.51,3.625,0
3480,3449s,50.98,13.04058,77.69807,19.82,3.621,0
3481,3450s,50.35,13.0406,77.6981,19.44,3.626,0
3482,3451s,50.61,13.04062,77.69813,19.59,3.628,0
3483,3452s,49.8,13.04064,77.69816,19.42,3.623,0
3484,3453s,49.21,13.04066,77.69819,19.32,3.628,0
3485,3454s,49.42,13.04068,77.69822,19.82,3.621,0
3486,3455s,48.87,13.0407,77.69825,19.57,3.625,0
3487,3456s,48.11,13.04072,77.69828,19.39,3.62,0
3488,3457s,47.94,13.04074,77.69831,19.48,3.628,0
3489,3458s,47.62,13.04076,77.69834,19.76,3.629,0
3490,3459s,47.74,13.04078,77.69837,19.76,3.625,0
3491,3460s,46.79,13.0408,77.6984,19.33,3.626,0
3492,3461s,47.06,13.04082,77.69843,19.22,3.627,0
3493,3462s,46.93,13.04084,77.69846,19.52,3.626,0
3494,3463s,45.64,13.04086,77.69849,19.69,3.618,0
3495,3464s,45.49,13.04088,77.69852,19.76,3.624,0
3496,3465s,45.68,13.0409,77.69855,19.5,3.626,0
3497,3466s,44.9,13.04092,77.69858,19.25,3.624,0
3498,3467s,45.11,13.04094,77.69861,19.45,3.621,0
3499,3468s,44.19,13.04096,77.69864,19.7,3.627,0
3500,3469s,44.32,13.04098,77.69867,19.24,3.621,0
3501,3470s,43.33,13.041,77.6987,19.65,3.624,0
3502,3471s,43.24,13.04102,77.69873,19.47,3.62,0
3503,3472s,43.2,13.04104,77.69876,19.47,3.624,0
3504,3473s,42.94,13.04106,77.69879,19.35,3.625,0
3505,3474s,42.32,13.04108,77.69882,19.72,3.624,0
3506,3475s,41.87,13.0411,77.69885,19.65,3.623,0
3507,3476s,42.09,13.04112,77.69888,19.17,3.622,0
3508,3477s,40.88,13.04114,77.69891,19.22,3.62,0
3509,3478s,41.47,13.04116,77.69894,19.54,3.618,0
3510,3479s,40.34,13.04118,77.69897,19.63,3.622,0
3511,3480s,40.13,13.0412,77.699,19.25,3.624,0
3512,3481s,40.46,13.04122,77.69903,19.64,3.622,0
3513,3482s,39.17,13.04124,77.69906,19.17,3.621,0
3514,3483s,39.04,13.04126,77.69909,19.23,3.619,0
3515,3484s,38.75,13.04128,77.69912,19.35,3.62,0
3516,3485s,38.8,13.0413,77.69915,19.41,3.621,0
3517,3486s,38.0,13.04132,77.69918,19.29,3.616,0
3518,3487s,37.77,13.04134,77.69921,19.4,3.622,0
3519,3488s,37.53,13.04136,77.69924,19.31,3.619,0
3520,3489s,36.9,13.04138,77.69927,19.17,3.623,0
3521,3490s,37.21,13.0414,77.6993,19.27,3.623,0
3522,3491s,36.45,13.04142,77.69933,19.49,3.614,0
3523,3492s,36.24,13.04144,77.69936,19.28,3.614,0
3524,3493s,36.15,13.04146,77.69939,19.51,3.621,0
3525,3494s,35.59,13.04148,77.69942,19.56,3.618,0
3526,3495s,35.18,13.0415,77.69945,19.22,3.616,0
3527,3496s,34.94,13.04152,77.69948,19.61,3.62,0
3528,3497s,34.15,13.04154,77.69951,19.53,3.615,0
3529,3498s,34.07,13.04156,77.69954,19.3,3.616,0
3530,3499s,33.81,13.04158,77.69957,19.61,3.615,0
3531,3500s,33.81,13.0416,77.6996,19.26,3.62,0
3532,3501s,33.05,13.04162,77.69963,19.31,3.618,0
3533,3502s,32.57,13.04164,77.69966,19.17,3.617,0
3534,3503s,33.01,13.04166,77.69969,19.42,3.614,0
3535,3504s,32.32,13.04168,77.69972,19.06,3.618,0
3536,3505s,32.19,13.0417,77.69975,19.09,3.618,0
3537,3506s,31.96,13.04172,77.69978,19.5,3.617,0
3538,3507s,31.36,13.04174,77.69981,19.35,3.615,0
3539,3508s,30.57,13.04176,77.69984,19.12,3.615,0
3540,3509s,30.89,13.04178,77.69987,19.17,3.618,0
3541,3510s,30.61,13.0418,77.6999,19.22,3.612,0
3542,3511s,30.09,13.04182,77.69993,19.58,3.61,0
3543,3512s,29.04,13.04184,77.69996,19.58,3.611,0
3544,3513s,29.08,13.04186,77.69999,19.3,3.612,0
3545,3514s,28.65,13.04188,77.70002,19.15,3.617,0
3546,3515s,28.26,13.0419,77.70005,19.17,3.61,0
3547,3516s,28.45,13.04192,77.70008,19.39,3.61,0
3548,3517s,28.07,13.04194,77.70011,19.16,3.61,0
3549,3518s,27.07,13.04196,77.70014,19.43,3.617,0
3550,3519s,27.08,13.04198,77.70017,19.0,3.617,0
3551,3520s,26.92,13.042,77.7002,19.08,3.615,0
3552,3521s,26.77,13.04202,77.70023,19.11,3.614,0
3553,3522s,25.96,13.04204,77.70026,19.17,3.613,0
3554,3523s,25.33,13.04206,77.70029,19.14,3.61,0
3555,3524s,25.23,13.04208,77.70032,19.36,3.613,0
3556,3525s,24.93,13.0421,77.70035,19.03,3.618,0
3557,3526s,24.86,13.04212,77.70038,19.26,3.616,0
3558,3527s,24.49,13.04214,77.70041,19.11,3.607,0
3559,3528s,24.13,13.04216,77.70044,19.2,3.611,0
3560,3529s,23.84,13.04218,77.70047,19.02,3.609,0
3561,3530s,23.93,13.0422,77.7005,19.19,3.609,0
3562,3531s,22.99,13.04222,77.70053,19.29,3.613,0
3563,3532s,22.61,13.04224,77.70056,19.44,3.616,0
3564,3533s,22.04,13.04226,77.70059,19.04,3.615,0
3565,3534s,22.1,13.04228,77.70062,19.09,3.607,0
3566,3535s,21.89,13.0423,77.70065,19.21,3.613,0
3567,3536s,21.5,13.04232,77.70068,19.07,3.614,0
3568,3537s,20.85,13.04234,77.70071,19.12,3.609,0
3569,3538s,20.41,13.04236,77.70074,19.11,3.611,0
3570,3539s,20.33,13.04238,77.70077,18.92,3.612,0
3571,3540s,20.35,13.0424,77.7008,19.4,3.61,0
3572,3541s,19.56,13.04242,77.70083,19.3,3.608,0
3573,3542s,19.62,13.04244,77.70086,19.22,3.614,0
3574,3543s,19.57,13.04246,77.70089,18.96,3.606,0
3575,3544s,18.94,13.04248,77.70092,19.13,3.612,0
3576,3545s,18.07,13.0425,77.70095,19.35,3.606,0
3577,3546s,18.01,13.04252,77.70098,19.48,3.604,0
3578,3547s,17.65,13.04254,77.70101,18.99,3.612,0
3579,3548s,17.39,13.04256,77.70104,19.34,3.609,0
3580,3549s,16.96,13.04258,77.70107,19.06,3.608,0
3581,3550s,16.52,13.0426,77.7011,19.43,3.61,0
3582,3551s,16.41,13.04262,77.70113,19.25,3.607,0
3583,3552s,16.21,13.04264,77.70116,18.95,3.608,0
3584,3553s,15.42,13.04266,77.70119,19.24,3.61,0
3585,3554s,15.4,13.04268,77.70122,19.02,3.608,0
3586,3555s,15.49,13.0427,77.70125,19.42,3.609,0
3587,3556s,15.06,13.04272,77.70128,18.94,3.607,0
3588,3557s,14.71,13.04274,77.70131,18.87,3.606,0
3589,3558s,13.69,13.04276,77.70134,18.89,3.612,0
3590,3559s,13.52,13.04278,77.70137,18.96,3.609,0
3591,3560s,13.41,13.0428,77.7014,19.04,3.603,0
3592,3561s,13.01,13.04282,77.70143,18.93,3.606,0
3593,3562s,12.76,13.04284,77.70146,18.98,3.607,0
3594,3563s,12.8,13.04286,77.70149,18.99,3.609,0
3595,3564s,12.4,13.04288,77.70152,19.18,3.604,0
3596,3565s,11.82,13.0429,77.70155,19.07,3.604,0
3597,3566s,11.4,13.04292,77.70158,19.22,3.602,0
3598,3567s,10.68,13.04294,77.70161,19.26,3.604,0
3599,3568s,10.45,13.04296,77.70164,18.88,3.608,0
3600,3569s,10.45,13.04298,77.70167,19.27,3.603,0
3601,3570s,10.29,13.043,77.7017,19.17,3.603,0
3602,3571s,10.0,13.04302,77.70173,19.32,3.607,0
3603,3572s,9.32,13.04304,77.70176,18.9,3.608,0
3604,3573s,9.51,13.04306,77.70179,18.85,3.608,0
3605,3574s,8.33,13.04308,77.70182,18.89,3.608,0
3606,3575s,8.17,13.0431,77.70185,19.33,3.6,0
3607,3576s,8.02,13.04312,77.70188,19.05,3.606,0
3608,3577s,7.51,13.04314,77.70191,19.08,3.6,0
3609,3578s,7.4,13.04316,77.70194,19.01,3.603,0
3610,3579s,6.98,13.04318,77.70197,18.97,3.604,0
3611,3580s,6.71,13.0432,77.702,19.3,3.606,0
3612,3581s,6.8,13.04322,77.70203,19.34,3.606,0
3613,3582s,6.22,13.04324,77.70206,19.26,3.604,0
3614,3583s,5.66,13.04326,77.70209,19.23,3.605,0
3615,3584s,5.4,13.04328,77.70212,19.02,3.601,0
3616,3585s,4.54,13.0433,77.70215,18.97,3.603,0
3617,3586s,4.84,13.04332,77.70218,19.19,3.599,0
3618,3587s,4.4,13.04334,77.70221,19.35,3.606,0
3619,3588s,3.88,13.04336,77.70224,18.85,3.604,0
3620,3589s,3.18,13.04338,77.70227,19.01,3.602,0
3621,3590s,2.85,13.0434,77.7023,18.93,3.598,0
3622,3591s,2.87,13.04342,77.70233,18.88,3.606,0
3623,3592s,2.78,13.04344,77.70236,18.75,3.599,0
3624,3593s,2.31,13.04346,77.70239,18.76,3.603,0
3625,3594s,1.75,13.04348,77.70242,19.1,3.606,0
3626,3595s,1.99,13.0435,77.70245,19.24,3.605,0
3627,3596s,1.83,13.04352,77.70248,19.09,3.601,0
3628,3597s,0.97,13.04354,77.70251,19.23,3.604,0
3629,3598s,0.98,13.04356,77.70254,18.73,3.595,0
3630,3599s,0.72,13.04358,77.70257,18.79,3.602,0
